-- MySQL dump 10.13  Distrib 5.7.16, for Linux (x86_64)
--
-- Host: localhost    Database: transposer
-- ------------------------------------------------------
-- Server version	5.7.16-0ubuntu0.16.04.1

/*!40101 SET @OLD_CHARACTER_SET_CLIENT=@@CHARACTER_SET_CLIENT */;
/*!40101 SET @OLD_CHARACTER_SET_RESULTS=@@CHARACTER_SET_RESULTS */;
/*!40101 SET @OLD_COLLATION_CONNECTION=@@COLLATION_CONNECTION */;
/*!40101 SET NAMES utf8 */;
/*!40103 SET @OLD_TIME_ZONE=@@TIME_ZONE */;
/*!40103 SET TIME_ZONE='+00:00' */;
/*!40014 SET @OLD_UNIQUE_CHECKS=@@UNIQUE_CHECKS, UNIQUE_CHECKS=0 */;
/*!40014 SET @OLD_FOREIGN_KEY_CHECKS=@@FOREIGN_KEY_CHECKS, FOREIGN_KEY_CHECKS=0 */;
/*!40101 SET @OLD_SQL_MODE=@@SQL_MODE, SQL_MODE='NO_AUTO_VALUE_ON_ZERO' */;
/*!40111 SET @OLD_SQL_NOTES=@@SQL_NOTES, SQL_NOTES=0 */;

--
-- Table structure for table `book`
--

DROP TABLE IF EXISTS `book`;
/*!40101 SET @saved_cs_client     = @@character_set_client */;
/*!40101 SET character_set_client = utf8 */;
CREATE TABLE `book` (
  `id_book` int(10) unsigned NOT NULL AUTO_INCREMENT,
  `lang_name` varchar(50) NOT NULL,
  `details` varchar(100) NOT NULL,
  `chord_printer` varchar(50) NOT NULL,
  `locale` char(2) NOT NULL,
  `song_count` smallint(6) unsigned NOT NULL COMMENT 'Total # of songs that should be present. For management purposes only.',
  PRIMARY KEY (`id_book`)
) ENGINE=MyISAM AUTO_INCREMENT=3 DEFAULT CHARSET=utf8;
/*!40101 SET character_set_client = @saved_cs_client */;

--
-- Dumping data for table `book`
--

LOCK TABLES `book` WRITE;
/*!40000 ALTER TABLE `book` DISABLE KEYS */;
INSERT INTO `book` VALUES (1,'Kiswahili','Tanzania - Kenya 2003','Swahili','sw',217),(2,'Español','Madrid 2014','Spanish','es',228);
/*!40000 ALTER TABLE `book` ENABLE KEYS */;
UNLOCK TABLES;

--
-- Table structure for table `song`
--

DROP TABLE IF EXISTS `song`;
/*!40101 SET @saved_cs_client     = @@character_set_client */;
/*!40101 SET character_set_client = utf8 */;
CREATE TABLE `song` (
  `id_song` int(10) unsigned NOT NULL AUTO_INCREMENT,
  `id_book` int(10) unsigned NOT NULL,
  `page` int(3) unsigned DEFAULT NULL,
  `title` varchar(100) NOT NULL,
  `lowest_note` char(3) NOT NULL,
  `highest_note` char(3) NOT NULL,
  `slug` varchar(100) NOT NULL,
  `first_chord_is_tone` tinyint(1) DEFAULT '0',
  `people_lowest_note` char(3) DEFAULT NULL,
  `people_highest_note` char(3) DEFAULT NULL,
  `artistic_adjustment` tinyint(4) DEFAULT NULL,
  PRIMARY KEY (`id_song`),
  UNIQUE KEY `slug` (`slug`)
) ENGINE=MyISAM AUTO_INCREMENT=476 DEFAULT CHARSET=utf8;
/*!40101 SET character_set_client = @saved_cs_client */;

--
-- Dumping data for table `song`
--

LOCK TABLES `song` WRITE;
/*!40000 ALTER TABLE `song` DISABLE KEYS */;
INSERT INTO `song` VALUES (125,1,273,'Mbele yake wote uficha uso: Wimbo wa 4 wa Mtumishi wa Yahweh','C2','G3','mbele-yake-wote-uficha-uso-wimbo-wa-4-wa-mtumishi-wa-yahweh',1,NULL,NULL,NULL),(124,1,95,'Yuaja Bwana amejivika adhama','E2','A#2','yuaja-bwana-amejivika-adhama',1,'E2','A#2',NULL),(123,1,46,'Nani atatutenga','D2','D3','nani-atatutenga',1,NULL,NULL,NULL),(120,1,2,'Litania ya Penitensia','E2','D3','litania-ya-penitensia',1,NULL,NULL,NULL),(122,1,32,'Safari i ngumu','E2','E3','safari-i-ngumu',1,NULL,NULL,NULL),(119,1,1,'Litania fupi ya Penitensia','E2','D3','litania-fupi-ya-penitensia',1,NULL,NULL,NULL),(26,2,223,'No hay en Él parecer (Cuarto canto del Siervo de Yahveh)','C2','G3','no-hay-en-el-parecer-cuarto-canto-del-siervo-de-yahveh',1,'C2','D3',NULL),(27,2,36,'Amén, Amén, Amén','C2','A3','amen-amen-amen',1,'C2','A3',NULL),(28,2,25,'A ti, Señor, levanto mi alma','A1','D3','a-ti-señor-levanto-mi-alma',1,'A1','D3',NULL),(29,2,44,'Bendice, alma mía, a Yahveh','E2','D3','bendice-alma-mia-a-yahveh',1,'E2','A2',NULL),(30,1,4,'Utukufu kwa Mungu juu mbinguni','D2','E3','utukufu-kwa-mungu-juu-mbinguni',1,NULL,NULL,NULL),(31,1,5,'Yu Mtakatifu (Wakati wa Kwaresima)','B1','C3','yu-mtakatifu-wakati-wa-kwaresima',1,NULL,NULL,NULL),(32,1,5,'Mtakatifu (Mwakani)','G1','B2','mtakatifu-mwakani',1,NULL,NULL,NULL),(33,1,6,'Mtakatifu ndiye Bwana - Mtakatifu wa Vibanda (Wakati wa Majilio)','F2','G3','mtakatifu-ndiye-bwana-mtakatifu-wa-vibanda-wakati-wa-majilio',1,NULL,NULL,NULL),(34,1,6,'Mtakatifu, Mtakatifu - Hosanna ya Matawi (wa Wakati wa Pasaka)','D2','G3','mtakatifu-mtakatifu-hosanna-ya-matawi-wa-wakati-wa-pasaka',1,NULL,NULL,NULL),(35,1,7,'Mtakatifu (1983)','A1','G3','mtakatifu-1983',1,NULL,NULL,NULL),(36,1,7,'Mtakatifu, Mtakatifu (1988)','E2','D3','mtakatifu-mtakatifu-1988',1,NULL,NULL,NULL),(37,1,24,'Wimbo wa Katikati (1)','A1','B2','wimbo-wa-katikati-1',1,NULL,NULL,NULL),(38,1,24,'Wimbo wa Katikati (2)','B1','D3','wimbo-wa-katikati-2',1,NULL,NULL,NULL),(39,1,26,'Aleluya ya Pasaka','A1','D3','aleluya-ya-pasaka',1,NULL,NULL,NULL),(40,1,26,'Aleluya kwa Shangilio la Injili (1)','A1','B2','aleluya-kwa-shangilio-la-injili-1',1,NULL,NULL,NULL),(41,1,26,'Aleluya kwa Shangilio la Injili (2)','D2','B3','aleluya-kwa-shangilio-la-injili-2',1,NULL,NULL,NULL),(42,1,31,'Amefufuka','E2','D3','amefufuka',1,NULL,NULL,NULL),(43,1,32,'Kwako we, Mji wa Mungu','E2','E3','kwako-we-mji-wa-mungu',1,NULL,NULL,NULL),(44,1,35,'Yahweh u Mungu wangu','D2','D3','yahweh-u-mungu-wangu',1,NULL,NULL,NULL),(45,1,37,'Tazama ilivyo vema','E2','E3','tazama-ilivyo-vema',1,NULL,NULL,NULL),(46,1,37,'Jinsi ilivyo vema na kupendeza','E2','F3','jinsi-ilivyo-vema-na-kupendeza',1,NULL,NULL,NULL),(47,1,38,'Tazameni ilivyo vema, onjeni ulivyo mtamu','A1','C3','tazameni-ilivyo-vema-onjeni-ulivyo-mtamu',1,NULL,NULL,NULL),(48,1,39,'Asante Yahweh','D2','F#3','asante-yahweh',1,NULL,NULL,NULL),(49,1,40,'Wimbo wa vijana watatu katika tanuru','E2','C3','wimbo-wa-vijana-watatu-katika-tanuru',1,NULL,NULL,NULL),(50,1,41,'Wimbo wa vijana watatu katika tanuru (Sehemu ya pili)','D2','D3','wimbo-wa-vijana-watatu-katika-tanuru-sehemu-ya-pili',1,NULL,NULL,NULL),(51,1,43,'Aleluya, msifuni Mungu','A2','D3','aleluya-msifuni-mungu',0,NULL,NULL,NULL),(52,1,44,'Evenu Shalom Alehem','D2','D3','evenu-shalom-alehem-swahili',1,NULL,NULL,NULL),(53,1,45,'Aleluya, umekuja Ufalme','D2','B2','aleluya-umekuja-ufalme',1,NULL,NULL,NULL),(54,1,47,'Wimbo wa Bikira Maria','E2','E3','wimbo-wa-bikira-maria',0,NULL,NULL,NULL),(55,1,48,'Nitatwaa na kuinua kikombe cha wokovu','A1','B2','nitatwaa-na-kuinua-kikombe-cha-wokovu',1,NULL,NULL,NULL),(56,1,49,'Wakati Bwana alirejeza','B1','B2','wakati-bwana-alirejeza',1,NULL,NULL,NULL),(57,1,50,'Wimbo wa Zakaria','E2','D3','wimbo-wa-zakaria',1,NULL,NULL,NULL),(58,1,51,'Ee mauti, u wapi ushindi wako?','A1','G2','ee-mauti-u-wapi-ushindi-wako',0,NULL,NULL,NULL),(59,1,52,'Enyi mbingu, dondokeni toka juu','E2','D3','enyi-mbingu-dondokeni-toka-juu',1,NULL,NULL,NULL),(60,1,53,'Pentekoste','A1','C#3','pentekoste',1,NULL,NULL,NULL),(61,1,54,'Njoo, Mwana wa Mtu','E2','D#3','njoo-mwana-wa-mtu',0,NULL,NULL,NULL),(62,1,55,'Abrahamu','A1','D3','abrahamu',1,NULL,NULL,NULL),(63,1,57,'Mwaliko wa Pasaka','D2','E3','mwaliko-wa-pasaka',1,NULL,NULL,NULL),(64,1,57,'Msifuni Bwana watu wote wa dunia','E2','E3','msifuni-bwana-watu-wote-wa-dunia',1,NULL,NULL,NULL),(65,1,59,'Enyi malango inueni vichwa vyenu','D2','C#3','enyi-malango-inueni-vichwa-vyenu',1,NULL,NULL,NULL),(66,1,62,'Nihurumie, ee Mungu','E2','C3','nihurumie-ee-mungu',1,NULL,NULL,NULL),(67,1,63,'Nihurumie Bwana, nihurumie','D2','C3','nihurumie-bwana-nihurumie',1,NULL,NULL,NULL),(68,1,64,'Wimbo wa kujishusha kwake Yesu - Tenzi ya kenosis','D#2','D#3','wimbo-wa-kujishusha-kwake-yesu-tenzi-ya-kenosis',1,NULL,NULL,NULL),(69,1,66,'Maria, mdogo Maria','D2','F#3','maria-mdogo-maria',1,NULL,NULL,NULL),(70,1,67,'Nainua macho kwa milima','G2','G3','nainua-macho-kwa-milima',1,NULL,NULL,NULL),(71,1,68,'Ikiwa leo mwasikia sauti yake','E2','E3','ikiwa-leo-mwasikia-sauti-yake',1,NULL,NULL,NULL),(72,1,74,'Amen, amen, amen','A1','F#3','amen-amen-amen-swahili',1,NULL,NULL,NULL),(73,1,76,'Kwa upendo wa ndugu zangu','A1','B2','kwa-upendo-wa-ndugu-zangu',1,NULL,NULL,NULL),(74,1,77,'Nilingojea, nilingojea Bwana','C1','C2','nilingojea-nilingojea-bwana',1,NULL,NULL,NULL),(75,1,78,'Nataka kuimba','E2','C#3','nataka-kuimba',1,NULL,NULL,NULL),(76,1,81,'Imbeni kwa furaha','E2','D3','imbeni-kwa-furaha',1,NULL,NULL,NULL),(77,1,82,'Niamkapo, nishibishwe kwa sura yako, ee Bwana','D2','D3','niamkapo-nishibishwe-kwa-sura-yako-ee-bwana',1,NULL,NULL,NULL),(78,1,84,'Sitakufa','D2','D3','sitakufa',1,NULL,NULL,NULL),(79,1,86,'Waambieni waliovunjika moyo','A1','F3','waambieni-waliovunjika-moyo',1,NULL,NULL,NULL),(80,1,87,'Ee Mungu, u Mungu wangu','E2','E3','ee-mungu-u-mungu-wangu',1,NULL,NULL,NULL),(81,1,90,'Mbele ya malaika','B1','A2','mbele-ya-malaika',1,NULL,NULL,NULL),(82,1,92,'Mwimbie Yahweh, Yerusalemu','D2','B2','mwimbie-yahweh-yerusalemu',1,NULL,NULL,NULL),(83,1,93,'Nafsi yangu imbariki Bwana (Wimbo wa Tobiti)','G1','C3','nafsi-yangu-imbariki-bwana-wimbo-wa-tobiti',1,NULL,NULL,NULL),(84,1,94,'Maskani yako yapendeza kama nini','G2','G3','maskani-yako-yapendeza-kama-nini',1,NULL,NULL,NULL),(85,1,95,'Siku ya pumziko','B1','C3','siku-ya-pumziko',1,NULL,NULL,NULL),(86,1,102,'Bwana atangaza habari','D2','E3','bwana-atangaza-habari',1,NULL,NULL,NULL),(87,1,104,'Binti za Yerusalemu (Utenzi wa mazishi)','E2','E3','binti-za-yerusalemu-utenzi-wa-mazishi',1,NULL,NULL,NULL),(88,1,110,'Mbarikiwa Maria','C2','D3','mbarikiwa-maria',1,NULL,NULL,NULL),(89,1,110,'Salaam, malkia wa Mbingu','G#2','E3','salaam-malkia-wa-mbingu',1,NULL,NULL,NULL),(90,1,112,'Maria, nyumba ya baraka','B1','D3','maria-nyumba-ya-baraka',1,NULL,NULL,NULL),(91,1,113,'Nitamhimidi Bwana kila wakati','F2','F3','nitamhimidi-bwana-kila-wakati',1,NULL,NULL,NULL),(92,1,117,'Wewe u mzuri','B1','G#3','wewe-u-mzuri',1,NULL,NULL,NULL),(93,1,123,'Chipukizi latoka shinani mwa Yese','G2','E3','chipukizi-latoka-shinani-mwa-yese',1,NULL,NULL,NULL),(94,1,128,'Utukufu (Nakuja kukusanya)','B1','E3','utukufu-nakuja-kukusanya',1,NULL,NULL,NULL),(95,1,129,'Furahini wenye haki katika Bwana','D2','E3','furahini-wenye-haki-katika-bwana',1,NULL,NULL,NULL),(96,1,134,'Utanijulisha njia ya uzima','F2','G3','utanijulisha-njia-ya-uzima',1,NULL,NULL,NULL),(97,1,135,'Nendeni kutangazia ndugu zangu','A1','E3','nendeni-kutangazia-ndugu-zangu',1,NULL,NULL,NULL),(98,1,137,'Ee Bwana, sikiliza sala yangu','A2','D3','ee-bwana-sikiliza-sala-yangu',0,NULL,NULL,NULL),(99,1,206,'Naona mbingu wazi','B1','E3','naona-mbingu-wazi',0,NULL,NULL,NULL),(100,1,212,'Mbarikiwa awe Mungu','F#1','F#2','mbarikiwa-awe-mungu',1,NULL,NULL,NULL),(101,1,217,'Nataka kuenda Yerusalemu','D2','G3','nataka-kuenda-yerusalemu',0,NULL,NULL,NULL),(102,1,219,'Utenzi wa Msalaba Mtukufu','B1','F#3','utenzi-wa-msalaba-mtukufu',1,NULL,NULL,NULL),(103,1,263,'Kwa kuwa Mungu','C#2','E3','kwa-kuwa-mungu',1,NULL,NULL,NULL),(104,1,264,'Kama wahukumiwa kifo','G2','E3','kama-wahukumiwa-kifo',1,NULL,NULL,NULL),(105,1,267,'Anibusu kwa busu za kinywa chake','C#2','E3','anibusu-kwa-busu-za-kinywa-chake',1,NULL,NULL,NULL),(106,1,269,'Njoo toka Lebanoni','D2','B2','njoo-toka-lebanoni',1,NULL,NULL,NULL),(107,1,272,'Kondoo jike wa Mungu','G2','D3','kondoo-jike-wa-mungu',1,NULL,NULL,NULL),(108,1,274,'Wimbo wa Mwana Kondoo','A1','D3','wimbo-wa-mwana-kondoo',1,NULL,NULL,NULL),(109,1,275,'Nani huyu apandaye toka jangwa','A1','D3','nani-huyu-apandaye-toka-jangwa',1,NULL,NULL,NULL),(110,1,279,'Ee Yesu, mpendwa wangu','A1','A2','ee-yesu-mpendwa-wangu',1,NULL,NULL,NULL),(111,1,280,'Nitwae mbinguni','B1','D#3','nitwae-mbinguni',1,NULL,NULL,NULL),(112,1,282,'Ishara kuu','C2','E3','ishara-kuu',1,NULL,NULL,NULL),(113,1,283,'Nanyosha mikono','E2','E3','nanyosha-mikono',1,NULL,NULL,NULL),(126,1,8,'Sala kuu ya Ekaristi II (1)','G1','D3','sala-kuu-ya-ekaristi-ii-1',0,NULL,NULL,NULL),(118,1,NULL,'Get Lucky','E2','F#3','get-lucky',1,NULL,NULL,NULL),(127,1,24,'Shangilio kwa mshumaa wa Usiku wa Pasaka','D2','A2','shangilio-kwa-mshumaa-wa-usiku-wa-pasaka',1,NULL,NULL,NULL),(128,1,27,'Sala ya waumini (1)','E2','B2','sala-ya-waumini',1,NULL,NULL,NULL),(129,1,42,'Msifuni Bwana kutoka Mbinguni','C#2','A2','msifuni-bwana-kutoka-mbinguni',1,NULL,NULL,NULL),(130,1,70,'Dayenu','D2','E3','dayenu-swahili',1,NULL,NULL,NULL),(131,1,71,'Tenzi ya Pasaka','C2','C3','tenzi-ya-pasaka',1,NULL,NULL,NULL),(132,1,71,'Kwa kafara ya Pasaka','E1','A#2','kwa-kafara-ya-pasaka',1,NULL,NULL,NULL),(133,1,80,'Kama ayala aioneavyo shauku','B1','E3','kama-ayala-aioneavyo-shauku',1,NULL,NULL,NULL),(134,1,103,'Mbarikini Bwana','G1','D3','mbarikini-bwana',0,NULL,NULL,NULL),(135,1,109,'Ee Bwana Mungu wetu','B1','G3','ee-bwana-mungu-wetu',1,NULL,NULL,NULL),(136,1,125,'Ninakuita','G2','F#3','ninakuita',1,NULL,NULL,NULL),(137,1,221,'Kwenye milima mitakatifu (Mama, Mama, Mji wa Mungu)','A1','C3','kwenye-milima-mitakatifu-mama-mama-mji-wa-mungu',1,NULL,NULL,NULL),(140,1,222,'Akeda','A1','E3','akeda',1,NULL,NULL,NULL),(141,1,284,'Homilia ya Pasaka ya Melitoni wa Sardi','D2','G3','homilia-ya-pasaka-ya-melitoni-wa-sardi',1,NULL,NULL,NULL),(142,1,NULL,'Zakayo','E2','F3','zakayo',1,NULL,NULL,NULL),(143,1,NULL,'Resurrexit','A1','D3','resurrexit-swahili',1,NULL,NULL,NULL),(144,1,12,'Mbiu ya Pasaka','G1','D3','mbiu-ya-pasaka',1,NULL,NULL,NULL),(145,2,21,'A la víctima Pascual','E1','B2','a-la-victima-pascual',1,'G#1','B2',NULL),(146,2,22,'A nadie demos ocasión de tropiezo','E2','E3','a-nadie-demos-ocasion-de-tropiezo',1,'E2','E3',NULL),(148,2,27,'Abraham','A1','D3','abraham',1,'G#2','D3',NULL),(149,2,28,'Aclamad al Señor','C2','G3','aclamad-al-señor',1,'C2','A2',NULL),(150,2,29,'Al despertar','E2','E3','al-despertar',1,'F#2','D3',NULL),(151,2,30,'Alabad al Señor en el cielo','C#2','A2','alabad-al-señor-en-el-cielo',1,'E2','A2',NULL),(152,2,32,'Aleluya, alabad al Señor','A2','D3','aleluya-alabad-al-señor',0,'A2','D3',NULL),(153,2,33,'Aleluya, bendecid al Señor [sin melisma]','G1','D3','aleluya-bendecid-al-señor-sin-melisma',0,'G1','D3',NULL),(154,2,34,'Aleluya, ya llegó el Reino','G2','E3','aleluya-ya-llego-el-reino',1,'G2','E3',NULL),(155,2,35,'Alzaos puertas','D2','C#3','alzaos-puertas',0,'D2','C3',NULL),(156,2,37,'Amo al Señor','A1','D3','amo-al-señor',1,'D2','D3',NULL),(157,2,38,'Aquedah','A1','E3','aquedah',1,'E2','C3',NULL),(158,2,40,'Ave María II (1984)','F2','E3','ave-maria-ii-1984',1,'F2','E3',NULL),(159,2,42,'Balaam [sin segunda voz que sube en el estribillo]','G1','B2','balaam',1,'D2','B2',NULL),(326,2,51,'Canto de Moisés','F2','G3','canto-de-moises',1,'G2','F3',NULL),(160,2,43,'Bendeciré al Señor en todo tiempo','F2','F3','bendecire-al-señor-en-todo-tiempo',1,'F2','F3',NULL),(161,2,45,'Bendita eres tú, María','C2','D3','bendita-eres-tu-maria',1,'C2','D3',NULL),(163,2,46,'Bendito eres, Señor','E2','D3','bendito-eres-señor',1,'E2','D3',NULL),(164,2,47,'Benedictus','C#2','C3','benedictus',1,'D2','A2',NULL),(165,2,49,'Cantad al Señor','D2','E3','cantad-al-señor',1,'D2','D3',NULL),(166,2,50,'Cántico de los tres jóvenes','D2','C3','cantico-de-los-tres-jovenes',1,'D2','C3',NULL),(167,2,52,'Caritas Christi urget nos','E2','G3','caritas-christi-urget-nos',1,'E2','E3',NULL),(168,2,53,'Cómo es maravilloso','E2','E3','como-es-maravilloso',1,'E2','E3',NULL),(169,2,54,'Como la cierva','B1','E3','como-la-cierva',1,'D#2','C#3',NULL),(170,2,56,'Cuando el Señor','B1','B2','cuando-el-señor',1,'B1','B2',NULL),(171,2,58,'Dayenú','D2','E3','dayenu',1,'D2','E3',NULL),(172,2,60,'De profundis [sin melisma]','A1','A2','de-profundis',1,'A1','E2',NULL),(173,2,61,'Decidle a los de corazón cansado','A1','F3','decidle-a-los-de-corazon-cansado',1,'C2','F3',NULL),(174,2,62,'Delante de los ángeles','A1','A2','delante-de-los-angeles',1,'A1','A2',NULL),(175,2,63,'Día de reposo','B1','C3','dia-de-reposo',1,'B1','B2',NULL),(176,2,64,'Dice el Señor a mi Señor','D#2','D#3','dice-el-señor-a-mi-señor',1,'D#2','B2',NULL),(177,2,65,'Dichoso el hombre','D2','D3','dichoso-el-hombre',1,'D2','C3',NULL),(178,2,67,'El pueblo que caminaba en las tinieblas','G1','B2','el-pueblo-que-caminaba-en-las-tinieblas',1,'A1','B2',NULL),(179,2,68,'El Señor anuncia una noticia','D2','E3','el-señor-anuncia-una-noticia',1,'D2','B2',NULL),(180,2,69,'El Señor es mi pastor','G1','D3','el-señor-es-mi-pastor',1,'C2','B2',NULL),(181,2,70,'Elí, Elí, lamá sabactaní','F#2','F#3','eli-eli-lama-sabactani',1,'A2','E3',NULL),(182,2,71,'En medio de aquel gentío','E2','D3','en-medio-de-aquel-gentio',1,'E2','A2',NULL),(183,2,72,'Eres hermoso','B1','G#3','eres-hermoso',1,'B1','C#3',NULL),(184,2,74,'Están rotas mis ataduras','E2','F#3','estan-rotas-mis-ataduras',0,'E2','F#3',NULL),(185,2,75,'Este es el día en que actuó el Señor','E2','G3','este-es-el-dia-en-que-actuo-el-señor',1,'G2','G3',NULL),(186,2,76,'Este es el mandamiento mío','A1','E3','este-es-el-mandamiento-mio',1,'B1','E3',NULL),(188,2,77,'Evenu Shalom Alehem','A1','D3','evenu-shalom-alehem',1,'D2','D3',NULL),(189,2,78,'Exultad, justos, en el Señor','D2','E3','exultad-justos-en-el-señor',1,'D2','B2',NULL),(190,2,80,'Gracias a Yahveh','D2','F#3','gracias-a-yahveh',1,'D2','E3',NULL),(191,2,81,'Gritad jubilosos','D2','D3','gritad-jubilosos',1,'F2','C3',NULL),(192,2,82,'Hacia ti, morada santa','E2','E3','hacia-ti-morada-santa',1,'E2','E3',NULL),(193,2,84,'He aquí que vengo presto','E2','F#3','he-aqui-que-vengo-presto',0,'E2','F#3',NULL),(194,2,85,'He esperado en el Señor','C2','B2','he-esperado-en-el-señor',1,'C2','B2',NULL),(195,2,86,'Hijas de Jerusalén','E2','E3','hijas-de-jerusalen',1,'G2','D3',NULL),(196,2,87,'Himno a Cristo Luz','D2','E3','himno-a-cristo-luz',1,'E2','E3',NULL),(197,2,88,'Himno a la Kenosis','D2','D#3','himno-a-la-kenosis',1,'G2','B2',NULL),(198,2,91,'Himno de Pascua','A1','A2','himno-de-pascua',1,'A1','A2',NULL),(199,2,92,'Id y anunciad a mis hermanos','A1','E3','id-y-anunciad-a-mis-hermanos',1,'E2','E3',NULL),(200,2,93,'Improperios','B1','F#3','improperios',1,'E2','F#3',NULL),(201,2,94,'Jerusalén reconstruida','D2','G3','jerusalen-reconstruida',1,'G2','E3',NULL),(202,2,95,'La marcha es dura','B1','B2','la-marcha-es-dura',1,'B1','B2',NULL),(203,2,97,'La siega de las naciones','C#2','D3','la-siega-de-las-naciones',1,'D2','D3',NULL),(204,2,98,'Levanto mis ojos a los montes','G2','G3','levanto-mis-ojos-a-los-montes',1,'G2','G3',NULL),(205,2,99,'Llegue hasta tu presencia mi clamor','D2','B2','llegue-hasta-tu-presencia-mi-clamor',1,'E2','B2',NULL),(206,2,100,'Llévame al cielo','B1','G#3','llevame-al-cielo',1,'B1','E3',NULL),(207,2,101,'Magníficat','E2','E3','magnificat',0,'E2','D3',NULL),(208,2,102,'María, casa de bendición','E2','G3','maria-casa-de-bendicion',1,'F2','G3',NULL),(209,2,103,'María de Jasna Göra','E2','A3','maria-de-jasna-gora',0,'F#2','F#3',NULL),(210,2,105,'María, madre del camino ardiente','C2','D3','maria-madre-del-camino-ardiente',1,'C2','C3',NULL),(211,2,106,'María, pequeña María','D2','F#3','maria-pequeña-maria',1,'D2','D3',NULL),(212,2,107,'Me enseñarás el camino de la vida','F2','G3','me-enseñaras-el-camino-de-la-vida',1,'A2','G3',NULL),(213,2,109,'Mirad qué estupendo','A1','C3','mirad-que-estupendo',1,'A1','A2',NULL),(214,2,110,'Misericordia mía, misericordia','G2','F3','misericordia-mia-misericordia',1,'G2','F3',NULL),(215,2,115,'Oh Dios, tú eres mi Dios','E2','E3','oh-dios-tu-eres-mi-dios',1,'A2','C3',NULL),(216,2,116,'Oh Jesús, amor mío [estrofa por abajo]','B1','E3','oh-jesus-amor-mio',1,'A2','D3',NULL),(217,2,117,'Oh muerte, ¿dónde está tu victoria?','A1','G2','oh-muerte-donde-esta-tu-victoria',0,'A1','G2',NULL),(218,2,118,'Oh Señor, nuestro Dios','B1','G3','oh-señor-nuestro-dios',1,'B1','C3',NULL),(219,2,119,'Os tomaré de entre las naciones','F2','E3','os-tomare-de-entre-las-naciones',1,'F2','D#3',NULL),(220,2,120,'Paloma incorrupta','C#2','C#3','paloma-incorrupta',0,'C#2','C#3',NULL),(221,2,121,'Pentecostés','A1','C#3','pentecostes',1,'A1','A#2',NULL),(222,2,122,'Por el amor de mis amigos','A1','B2','por-el-amor-de-mis-amigos',1,'E2','B2',NULL),(223,2,123,'Por qué esta noche es diferente','E1','G2','por-que-esta-noche-es-diferente',1,'E1','G2',NULL),(224,2,125,'Porque mi yugo es suave','A1','C3','porque-mi-yugo-es-suave',1,'E2','C3',NULL),(225,2,126,'Qué amables son tus moradas','G1','G2','que-amables-son-tus-moradas',1,'A1','G2',-1),(226,2,127,'Qué estupendo, qué alegría','E2','F3','que-estupendo-que-alegria',1,'E2','F3',NULL),(227,2,128,'Quién nos separará','D2','D3','quien-nos-separara',1,'D2','D3',NULL),(228,2,129,'Quiero cantar','D2','C#3','quiero-cantar',1,'D2','C#3',NULL),(229,2,130,'Resucitó','E2','D3','resucito',1,'E2','D3',NULL),(230,2,131,'Resurrexit','A1','D3','resurrexit',1,'A1','D3',NULL),(231,2,132,'Salve, Reina de los cielos','G2','E3','salve-reina-de-los-cielos',1,'G#2','D3',NULL),(232,2,133,'Se encontraron dos ángeles','A1','F2','se-encontraron-dos-angeles',1,'A1','F2',NULL),(233,2,136,'Señor, ayúdame a no dudar de ti','E2','E3','señor-ayudame-a-no-dudar-de-ti',1,'E2','E3',NULL),(234,2,137,'Señor, no me corrijas en tu cólera','C#2','G3','señor-no-me-corrijas-en-tu-colera',0,'C#2','G3',NULL),(235,2,138,'Shlom-lej Mariam','A1','F#3','shlom-lej-mariam',1,'B1','A2',NULL),(236,2,139,'Si el Señor no construye la casa','G#2','G#3','si-el-señor-no-construye-la-casa',1,'G#2','G#3',NULL),(237,2,141,'Si hoy escucháis su voz','C#2','E3','si-hoy-escuchais-su-voz',1,'E2','E3',NULL),(238,2,143,'Sión, madre de todos los pueblos','A1','C3','sion-madre-de-todos-los-pueblos',1,'B1','C3',NULL),(239,2,144,'Sola a solo','F2','F3','sola-a-solo',1,'A2','F3',NULL),(240,2,145,'Stabat mater dolorosa','E2','G3','stabat-mater-dolorosa',1,'E2','F3',NULL),(241,2,148,'Te he manifestado mi pecado','E2','D3','te-he-manifestado-mi-pecado',1,'E2','C3',NULL),(242,2,149,'Tú que eres fiel','A2','D#3','tu-que-eres-fiel',0,'A#2','D#3',NULL),(243,2,150,'Un retoño brota del tronco de Jesé','G2','E3','un-retoño-brota-del-tronco-de-jese',1,'G2','C3',NULL),(244,2,151,'Una gran señal','A1','G3','una-gran-señal',1,'A2','G3',NULL),(245,2,152,'Urí, urí, urí, urá','A2','F3','uri-uri-uri-ura',1,'A2','F3',NULL),(246,2,153,'Vamos ya, pastores','E2','C3','vamos-ya-pastores',1,'E2','C3',NULL),(247,2,154,'Ven, Espíritu Santo','A2','G3','ven-espiritu-santo',1,'A2','F3',NULL),(248,2,156,'Veni creator','G2','E3','veni-creator',1,'G2','B2',NULL),(249,2,157,'Viene el Señor','E2','C3','viene-el-señor',1,'F#2','B2',NULL),(250,2,158,'Virgen de la maravilla','C#2','E3','virgen-de-la-maravilla',1,'C#2','A2',NULL),(251,2,159,'Vivid alegres','E2','G3','vivid-alegres',1,'E2','G3',NULL),(253,2,160,'Vosotros sois la luz del mundo','E2','A3','vosotros-sois-la-luz-del-mundo',1,'G#2','E3',NULL),(254,2,161,'Ya viene mi Dios','E2','C3','ya-viene-mi-dios',1,'E2','C3',NULL),(255,2,162,'Yahveh, tú eres mi Dios','D2','D3','yahveh-tu-eres-mi-dios',1,'D2','F2',NULL),(256,2,163,'Yo te amo, Señor','F#2','G3','yo-te-amo-señor',1,'F#2','F#3',NULL),(257,2,164,'Yo vengo a reunir','B1','E3','yo-vengo-a-reunir',1,'B1','A2',NULL),(258,2,165,'Zaqueo','E2','F3','zaqueo',1,'E2','F3',NULL),(259,2,167,'Aleluya interleccional (I)','D2','E3','aleluya-interleccional-i',1,'F#2','C3',NULL),(260,2,167,'Aleluya interleccional (II)','G2','E3','aleluya-interleccional-ii',1,'G2','E3',NULL),(261,2,167,'Aleluya interleccional (III)','D2','B2','aleluya-interleccional-iii',1,'D2','B2',NULL),(262,2,168,'Aleluya pascual','E2','A3','aleluya-pascual',1,'E2','E3',NULL),(263,2,169,'Antífona - versículo antes del Evangelio (I)','D2','E3','antifona-versiculo-antes-del-evangelio-i',1,'G2','D3',NULL),(264,2,169,'Antífona - versículo antes del Evangelio (II)','D2','E3','antifona-versiculo-antes-del-evangelio-ii',1,'D2','C3',NULL),(265,2,170,'Bendición del agua','E2','G3','bendicion-del-agua',1,'E2','F#3',NULL),(266,2,172,'Bendición penitencial','A1','D3','bendicion-penitencial',0,'G2','D3',NULL),(267,2,173,'Cordero de Dios','B1','A2','cordero-de-dios',1,'B1','A2',NULL),(268,2,174,'Credo','C2','F3','credo',1,'C2','F3',NULL),(269,2,175,'Gloria a Dios en lo alto del cielo','D2','E3','gloria-a-dios-en-lo-alto-del-cielo',1,'D2','E3',NULL),(270,2,176,'Letanías de los santos','D2','B2','letanias-de-los-santos',1,'D2','A2',NULL),(271,2,178,'Letanías penitenciales I','E2','D3','letanias-penitenciales-i',1,'F#2','D3',NULL),(272,2,179,'Letanías penitenciales II','E2','D3','letanias-penitenciales-ii',1,'F#2','D3',NULL),(273,2,182,'Plegaria Eucarística II - Modelo I (1ª parte)','G1','D3','plegaria-eucaristica-ii-modelo-i-1a-parte',0,'F2','D3',NULL),(274,2,183,'Plegaria Eucarística II - Modelo I (2ª parte - Institución y aclamación)','A1','E3','plegaria-eucaristica-ii-modelo-i-2a-parte',0,'D2','A#2',NULL),(275,2,183,'Plegaria Eucarística II - Modelo I (3ª parte)','D2','E3','plegaria-eucaristica-ii-modelo-i-3a-parte',1,'A2','E3',NULL),(276,2,184,'Plegaria Eucarística II - Modelo I (doxología alternativa)','D2','G3','plegaria-eucaristica-ii-modelo-i-doxologia-alternativa',1,'G2','G3',NULL),(277,2,193,'Prefacio para el Tiempo Pascual','A1','D3','prefacio-para-el-tiempo-pascual',0,'G2','D3',NULL),(278,2,194,'Pregón Pascual','G1','D3','pregon-pascual',1,'E2','D3',NULL),(279,2,196,'Salmodia para el Salmo Responsorial','B1','D3','salmodia-para-el-salmo-responsorial',1,'B1','F#2',NULL),(280,2,197,'Salmodia para las oraciones universales','E2','D3','salmodia-para-las-oraciones-universales',1,'E2','D3',NULL),(281,2,198,'Santo Palomeras 65 (Adviento-Navidad)','F2','G3','santo-palomeras-65-adviento-navidad',1,'A#2','F#3',NULL),(282,2,199,'Santo Hebreo (Cuaresma)','A1','A#2','santo-hebreo-cuaresma',1,'A1','A#2',NULL),(283,2,200,'Santo Palestina 74 (Tiempo Pascual)','D2','G3','santo-palestina-74-tiempo-pascual',1,'D2','F3',NULL),(284,2,201,'Santo Roma 77 (Tiempo Ordinario)','G1','B2','santo-roma-77-tiempo-ordinario',1,'G1','A2',NULL),(285,2,202,'Santo 1982 (Tiempo Ordinario)','A1','G3','santo-1982-tiempo-ordinario',1,'A1','G3',NULL),(286,2,203,'Santo 1988 (Tiempo Ordinario)','E2','D3','santo-1988-tiempo-ordinario',1,'E2','D3',NULL),(287,2,204,'Te Deum','A1','F#3','te-deum',1,'A1','F#3',NULL),(288,2,206,'Bendito sea Dios','F#2','F#3','bendito-sea-dios',1,'A2','F#3',NULL),(289,2,207,'Como el impulso que siente la ira','G1','B2','como-el-impulso-que-siente-la-ira',1,'E2','B2',NULL),(290,2,208,'Consolad a mi pueblo','B1','D3','consolad-a-mi-pueblo',1,'B1','B2',NULL),(291,2,211,'El lagarero','E2','F#3','el-lagarero',1,'E2','D3',NULL),(292,2,212,'El mismo Dios','C#2','E3','el-mismo-dios',1,'C#2','E3',NULL),(293,2,213,'El sembrador','A1','D3','el-sembrador',1,'A1','D3',NULL),(294,2,214,'El Señor me ha dado','B1','C#3','el-señor-me-ha-dado',1,'F#2','A#2',NULL),(295,2,215,'Eres digno de tomar el libro','A1','D3','eres-digno-de-tomar-el-libro',1,'D2','D3',NULL),(296,2,217,'He aquí mi siervo','A1','A2','he-aqui-mi-siervo',1,'A1','F2',NULL),(297,2,219,'Himno a la Cruz gloriosa','B1','F#3','himno-a-la-cruz-gloriosa',1,'B1','B2',NULL),(298,2,220,'Jacob','F2','E3','jacob',1,'G2','E3',NULL),(299,2,222,'Ninguno puede servir a dos señores','A1','G2','ninguno-puede-servir-a-dos-señores',1,'B1','G2',NULL),(300,2,225,'Oh Señor, mi corazón ya no es ambicioso','E2','C3','oh-señor-mi-corazon-ya-no-es-ambicioso',1,'E2','B2',NULL),(301,2,227,'Shemá Israel','A1','D3','shema-israel',1,'A1','D3',NULL),(302,2,229,'Tú has cubierto de vergüenza la muerte','D2','G3','tu-has-cubierto-de-verguenza-la-muerte',1,'A2','D3',NULL),(303,2,237,'Cuando dormía','G#1','E3','cuando-dormia',1,'E2','A2',NULL),(304,2,238,'El Espíritu del Señor está sobre mí','E2','D3','el-espiritu-del-señor-esta-sobre-mi',1,'E2','D3',NULL),(305,2,239,'El jacal de los pastores','C#2','E3','el-jacal-de-los-pastores',1,'C#2','E3',NULL),(306,2,240,'En una noche oscura','B1','D3','en-una-noche-oscura',1,'B1','D3',NULL),(307,2,241,'Extiendo mis manos','E2','E3','extiendo-mis-manos',1,'A2','E3',NULL),(308,2,243,'Himno a la Caridad','G1','G2','himno-a-la-caridad',1,'G1','G2',NULL),(309,2,244,'Huye, amado mío','E2','F3','huye-amado-mio',1,'E2','E3',NULL),(310,2,245,'Jesús recorría todas las ciudades','C2','F3','jesus-recorria-todas-las-ciudades',1,'E2','E3',NULL),(311,2,249,'Me robaste el corazón','E2','F3','me-robaste-el-corazon',1,'E2','F3',NULL),(312,2,251,'Noli me tangere','E2','F3','noli-me-tangere',1,'G2','F3',NULL),(313,2,252,'Quién es esta que sube del desierto','A1','D3','quien-es-esta-que-sube-del-desierto',1,'A1','A2',NULL),(314,2,253,'Quiero andar','D2','G3','quiero-andar',1,'D2','G3',NULL),(317,2,254,'Sermón de la montaña','B1','D3','sermon-de-la-montaña',0,'D2','B2',NULL),(318,2,257,'Ven del Líbano','D2','B2','ven-del-libano',1,'D2','B2',NULL),(319,1,NULL,'Sura Yako','F2','A3','sura-yako',1,NULL,NULL,NULL),(327,2,23,'A ti levanto mis ojos (voz hombres+mujeres)','A1','F3','a-ti-levanto-mis-ojos-voz-hombres+mujeres',0,'A1','F3',NULL),(328,2,26,'A ti, Señor, se debe la alabanza en Sion','G1','C3','a-ti-señor-se-debe-la-alabanza-en-sion',0,'E2','C3',NULL),(329,2,39,'Ave María I','D2','E3','ave-maria-i',0,NULL,NULL,NULL),(330,2,41,'Babilonia criminal','D#2','F#3','babilonia-criminal',0,'D#2','C3',NULL),(331,2,55,'Cristo es la Luz','G2','F3','cristo-es-la-luz',0,'G2','E3',NULL),(332,2,66,'El necio piensa que Dios no existe','D2','E3','el-necio-piensa-que-dios-no-existe',0,'D2','D#3',NULL),(333,2,73,'Escóndeme en lo oculto de tu tienda','G1','G2','escondeme-en-lo-oculto-de-tu-tienda',0,'B1','G2',NULL),(334,2,79,'Felicidad para el hombre','A1','F3','felicidad-para-el-hombre',0,'A1','D3',NULL),(335,2,83,'Hasta cuándo','A1','G#2','hasta-cuando',0,'A1','E2',NULL),(336,2,89,'Himno de Adviento','D2','D3','himno-de-adviento',0,'G2','D3',NULL),(337,2,90,'Himno de la Ascensión','G2','E3','himno-de-la-ascension',0,'G2','B2',NULL),(338,2,96,'La Salve','E2','F3','la-salve',0,NULL,NULL,NULL),(339,2,104,'María, madre de la Iglesia','B1','G3','maria-madre-de-la-iglesia',0,'E2','G3',NULL),(340,2,108,'Me has seducido, Señor','B1','F3','me-has-seducido-señor',0,'C2','G2',NULL),(341,2,111,'Mucho me han perseguido','A1','D3','mucho-me-han-perseguido',0,'A1','D3',NULL),(342,2,112,'No está aquí, resucitó','G1','D#3','no-esta-aqui-resucito',0,NULL,NULL,NULL),(343,2,142,'Si me he refugiado en el Señor','E2','G3','si-me-he-refugiado-en-el-señor',0,'E2','C3',NULL),(344,2,147,'Te estoy llamando, Señor','D2','E3','te-estoy-llamando-señor',0,'E2','A#2',NULL),(345,2,155,'Ven, hijo del hombre','E2','D#3','ven-hijo-del-hombre',0,'G2','B2',NULL),(346,2,181,'Padre Nuestro','D2','D3','padre-nuestro',0,NULL,NULL,NULL),(406,2,233,'Adónde te escondiste amado','E2','F3','adonde-te-escondiste-amado',0,'G2','E3',NULL),(348,2,205,'Así habla el Amén','D2','D3','asi-habla-el-amen',0,'A2','D3',NULL),(349,2,209,'Débora','C2','D3','debora',0,'E2','D3',NULL),(350,2,210,'El combate escatológico','B1','E3','el-combate-escatologico',0,'A2','E3',NULL),(351,2,216,'Escuchad islas lejanas [sin subir una octava en el estribillo]','G1','C#3','escuchad-islas-lejanas-sin-subir-una-octava-en-el-estribillo',0,'B1','C#3',NULL),(352,2,218,'He aquí que nuestro espejo es el Señor','A#1','D3','he-aqui-que-nuestro-espejo-es-el-señor',0,'D2','D3',NULL),(353,2,221,'Las armas de la Luz','A1','D3','las-armas-de-la-luz',0,'A1','D3',NULL),(354,2,226,'Señor, Tú me escrutas y conoces','A1','D3','señor-tu-me-escrutas-y-conoces',0,NULL,NULL,NULL),(355,2,228,'Siéntate solitario y silencioso','B1','F#3','sientate-solitario-y-silencioso',0,'D2','D3',NULL),(356,2,231,'A la cena del Cordero','G2','F3','a-la-cena-del-cordero',1,'G2','D3',NULL),(357,2,232,'Abbá Padre','C2','F3','abba-padre',0,'C2','F3',NULL),(358,2,235,'Como destila la miel','E1','E3','como-destila-la-miel',0,'F1','E3',NULL),(359,2,236,'Como lirio entre los cardos','G1','D3','como-lirio-entre-los-cardos',0,'B2','C#3',NULL),(360,2,242,'Hermosa eres, amiga mía','A1','D3','hermosa-eres-amiga-mia',0,'A1','A2',NULL),(361,2,246,'La Cordera de Dios','E2','D3','la-cordera-de-dios',0,'G2','D3',NULL),(362,2,247,'La paloma voló','A1','F#3','la-paloma-volo',0,'A1','C3',NULL),(364,2,248,'La voz de mi amado','F1','C3','la-voz-de-mi-amado',0,'C2','C3',NULL),(365,2,256,'Tú eres mi esperanza, Señor','A1','F3','tu-eres-mi-esperanza-señor',0,'A2','F3',NULL),(366,2,114,'Oh Dios, por tu nombre sálvame','E2','G3','oh-dios-por-tu-nombre-salvame',0,'E2','G3',NULL),(367,2,188,'Plegaria Eucarística IV','G1','A2','plegaria-eucaristica-iv',1,NULL,NULL,NULL),(368,1,75,'Bwana asipoijenga nyumba','F#1','F#2','bwana-asipoijenga-nyumba',1,NULL,NULL,NULL),(369,1,218,'Shema Israeli','A1','D3','shema-israeli',1,NULL,NULL,NULL),(370,1,81,'Shangilieni Bwana','E2','G3','shangilieni-bwana',1,NULL,NULL,NULL),(371,1,3,'Baraka kwa Adhimisho la Penitensia','A1','D3','baraka-kwa-adhimisho-la-penitensia',0,NULL,NULL,NULL),(372,1,10,'Baraka ya maji ya chemchemi ya Ubatizo','E2','G3','baraka-ya-maji-ya-chemchemi-ya-ubatizo',0,NULL,NULL,NULL),(373,1,14,'Utangulizi wa Pasaka','A1','D3','utangulizi-wa-pasaka',0,NULL,NULL,NULL),(374,1,22,'Sala kuu ya Ekaristi II (2): Konsekrasyo na Shangilio','A1','E3','sala-kuu-ya-ekaristi-ii-2-konsekrasyo-na-shangilio',1,NULL,NULL,NULL),(375,1,23,'Sala ya Ekaristi II (2): Anamnesis','E2','E3','sala-ya-ekaristi-ii-2-anamnesis',0,NULL,NULL,NULL),(376,1,25,'Tenzi kwa Kristo Mwanga','D#2','E3','tenzi-kwa-kristo-mwanga',1,NULL,NULL,NULL),(377,1,27,'Shangilio kwa Injili wakati wa Kwaresima (1)','A1','B2','shangilio-kwa-injili-wakati-wa-kwaresima-1',1,NULL,NULL,NULL),(378,1,27,'Shangilio kwa Injili wakati wa Kwaresima (2)','A1','B2','shangilio-kwa-injili-wakati-wa-kwaresima-2',1,NULL,NULL,NULL),(379,1,33,'Toka chini nakulilia, ee Bwana','A1','D3','toka-chini-nakulilia-ee-bwana',1,NULL,NULL,NULL),(385,1,56,'Wimbo wa Musa','F2','G3','wimbo-wa-musa',1,NULL,NULL,NULL),(384,1,35,'Mpaka lini','A1','G#2','mpaka-lini',1,NULL,NULL,NULL),(451,1,34,'Furahini ndugu','B1','D3','furahini-ndugu',1,'B1','D3',NULL),(452,1,34,'Nafsi yangu umbariki Yahweh','E2','D3','nafsi-yangu-umbariki-yahweh',1,'E2','A2',NULL),(387,1,65,'Salamu Maria (1984)','E2','E3','salamu-maria-1984',1,NULL,NULL,NULL),(388,1,73,'Uri, uri, ura','E2','C3','uri-uri-ura',1,NULL,NULL,NULL),(389,1,83,'Wimbo wa watoto kwa Usiku wa Pasaka','E1','G2','wimbo-wa-watoto-kwa-usiku-wa-pasaka',1,NULL,NULL,NULL),(391,1,88,'Watu waliokwenda kwenye giza','G1','G3','watu-waliokwenda-kwenye-giza',1,NULL,NULL,NULL),(392,1,89,'Wimbo wa Balaamu','G1','E3','wimbo-wa-balaamu',1,NULL,NULL,NULL),(393,1,96,'Farijini watu wangu','B1','C3','farijini-watu-wangu',1,NULL,NULL,NULL),(394,1,97,'Palikuwa malaika wawili','A1','F2','palikuwa-malaika-wawili',1,NULL,NULL,NULL),(395,1,106,'Maria, Mama wa Kanisa','B1','G3','maria-mama-wa-kanisa',0,NULL,NULL,NULL),(396,1,107,'Stabat Mater','E2','G3','stabat-mater',1,NULL,NULL,NULL),(397,1,108,'Maombolezo ya Bwana','E2','F#3','maombolezo-ya-bwana',1,NULL,NULL,NULL),(398,1,115,'Neno la Bwana kwa Bwana wangu','E2','D#3','neno-la-bwana-kwa-bwana-wangu',1,NULL,NULL,NULL),(399,1,124,'Kwako, Bwana, nakuinulia nafsi yangu','A1','D3','kwako-bwana-nakuinulia-nafsi-yangu',1,NULL,NULL,NULL),(400,1,131,'Nakupenda, ee Bwana','G2','G3','nakupenda-ee-bwana',1,NULL,NULL,NULL),(401,1,133,'Shlom Lekh Mariam','A1','F#3','shlom-lekh-mariam',1,'B1','A2',NULL),(402,1,207,'Bwana amenipa: wimbo wa 3 wa Mtumishi wa Yahweh','B1','B2','bwana-amenipa-wimbo-wa-3-wa-mtumishi-wa-yahweh',1,NULL,NULL,NULL),(403,1,262,'Tenzi ya Upendo','G1','G2','tenzi-ya-upendo',1,NULL,NULL,NULL),(407,2,24,'A ti, Señor, en mi clamor imploro','A1','D3','a-ti-señor-en-mi-clamor-imploro',1,'A1','C3',NULL),(408,2,140,'Si habéis resucitado con Cristo','B1','E3','si-habeis-resucitado-con-cristo',1,'E2','D3',NULL),(409,2,57,'Cuando Israel salió de Egipto','E2','F#3','cuando-israel-salio-de-egipto',0,'E2','F#3',NULL),(410,2,113,'Oh cielos, lloved de lo alto','E2','D3','oh-cielos-lloved-de-lo-alto',1,'E2','D3',NULL),(411,1,99,'Anapaa Bwana Mungu','B1','F2','anapaa-bwana-mungu',1,NULL,NULL,NULL),(412,1,27,'Sala ya Waumini (2)','E2','D3','sala-ya-waumini-2',1,NULL,NULL,NULL),(414,1,60,'Bwana ni mchungaji wangu','G#1','D3','bwana-ni-mchungaji-wangu',1,NULL,NULL,NULL),(415,2,NULL,'El Mesías, León para vencer','A2','F3','el-mesias-leon-para-vencer',1,'A2','D3',NULL),(416,1,265,'Yesu alizunguka miji yote','A1','F3','yesu-alizunguka-miji-yote',1,'E2','E3',NULL),(417,1,220,'Vaeni silaha zote za Mungu','D2','G3','vaeni-silaha-zote-za-mungu',1,'D2','G3',NULL),(418,1,285,'Carmen \'63','E2','F#3','carmen-\'63',0,'A2','F#3',NULL),(419,1,213,'Ee Bwana wanichunguza na kunijua','A1','D3','ee-bwana-wanichunguza-na-kunijua',1,'D2','D3',NULL),(420,1,36,'Njoo, umtafute mtumishi wako','D2','B2','njoo-umtafute-mtumishi-wako',1,'E2','B2',NULL),(421,1,69,'Njoni, tumwimbie Bwana','B1','D3','njoni-tumwimbie-bwana',1,'D2','D3',NULL),(422,1,28,'Te Deum','D2','E3','te-deum-kiswahili',1,'D2','E3',NULL),(423,1,85,'Ee Bwana, tuma roho wako','B1','B2','ee-bwana-tuma-roho-wako',1,'B1','B2',NULL),(424,1,98,'Nampenda Bwana','D2','G3','nampenda-bwana',1,'G2','G3',NULL),(425,1,120,'Tuendeni wachungaji','E2','C3','tuendeni-wachungaji',1,'E2','C3',NULL),(426,1,132,'Maria, mama wa njia iwakayo','C2','D3','maria-mama-wa-njia-iwakayo',1,'C2','D3',NULL),(427,1,209,'Wimbo wa mpanzi','B1','E3','wimbo-wa-mpanzi',1,'B1','E3',NULL),(428,1,216,'Hakuna mtu awezaye kutumikia mabwana wawili','D2','C3','hakuna-mtu-awezaye-kutumikia-mabwana-wawili',1,'E2','C3',NULL),(429,1,271,'Wewe ukaaye bustanini','F2','F3','wewe-ukaaye-bustanini',1,'F#2','E3',NULL),(430,1,NULL,'Masiya simba kwa kushinda','A2','F3','masiya-simba-kwa-kushinda',1,'A2','D3',NULL),(431,1,286,'Caritas Christi','E2','D#3','caritas-christi',1,NULL,NULL,NULL),(432,2,192,'Prefacio para adviento y navidad','D2','E3','prefacio-para-adviento-y-navidad',1,'G2','C3',NULL),(433,2,48,'Cantad a Dios','D2','E3','cantad-a-dios',1,'D2','E3',NULL),(435,1,79,'Mbona mataifa wafanya ghasia?','B1','E3','mbona-mataifa-wafanya-ghasia',1,'E2','E3',NULL),(436,2,124,'Por qué las gentes conjuran','B1','E3','por-que-las-gentes-conjuran',1,'E2','E3',NULL),(437,2,250,'No resistáis al mal','A1','D3','no-resistais-al-mal',1,'D2','F#2',NULL),(438,2,134,'Secuencia del Corpus Christi','B1','E3','secuencia-del-corpus-christi',1,'B1','F2',NULL),(439,2,224,'No sufras por los malvados','A1','C3','no-sufras-por-los-malvados',1,'B1','A2',NULL),(440,2,234,'Como condenados a muerte [estrofa por arriba]','E2','E3','como-condenados-a-muerte',1,'E2','E3',NULL),(441,1,91,'Israeli, angali mtoto nilimpenda','D2','F3','israeli-angali-mtoto-nilimpenda',1,'D2','F3',NULL),(442,1,15,'Tenzi ya Masifu ya asubuhi ya Majilio mpaka 16 Disemba','G2','E3','tenzi-ya-masifu-ya-asubuhi-ya-majilio-mpaka-16-disemba',1,'G2','E3',NULL),(443,1,15,'Tenzi ya Masifu ya asubuhi ya Majilio baada 16 Disemba','G2','E3','tenzi-ya-masifu-ya-asubuhi-ya-majilio-baada-16-disemba',1,'G2','E3',NULL),(444,1,16,'Tenzi ya Masifu ya asubuhi toka Pasaka hadi Kupaa','G2','D3','tenzi-ya-masifu-ya-asubuhi-toka-pasaka-hadi-kupaa',1,'G2','D3',NULL),(445,1,16,'Tenzi ya Masifu ya jioni toka Pasaka hadi Kupaa','G2','E3','tenzi-ya-masifu-ya-jioni-toka-pasaka-hadi-kupaa',1,'G2','E3',NULL),(446,1,17,'Tenzi ya Masifu ya jioni ya siku ya Kupaa na Tenzi ya Masifu ya asubuhi toka Kupaa hadi Pentekoste','G2','E3','tenzi-ya-masifu-ya-jioni-ya-siku-ya-kupaa-na-tenzi-ya-masifu-ya-asubuhi-toka-kupaa-hadi-pentekoste',1,'G2','E3',NULL),(447,1,18,'Tenzi ya Masifu ya jioni toka Kupaa hadi Pentekoste','G2','E3','tenzi-ya-masifu-ya-jioni-toka-kupaa-hadi-pentekoste',1,'G2','E3',NULL),(448,1,19,'Tenzi ya Masifu ya asubuhi ya Pentekoste','G2','E3','tenzi-ya-masifu-ya-asubuhi-ya-pentekoste',1,'G2','E3',NULL),(449,1,20,'Sekwensia ya Pentekoste (Njoo, Roho Mtakatifu)','A2','G3','sekwensia-ya-pentekoste-njoo-roho-mtakatifu',1,'A2','F3',NULL),(450,1,292,'Kwenye usiku wa vivuli','B1','D3','kwenye-usiku-wa-vivuli',1,NULL,NULL,NULL),(453,1,210,'Roho wa Bwana yu juu yangu','E2','D3','roho-wa-bwana-yu-juu-yangu',1,'E2','D3',NULL),(454,1,58,'Israeli alipotoka huko Misri','E2','F#3','israeli-alipotoka-huko-misri',0,'E2','F#3',NULL),(455,1,101,'Bwana ndiye niliyemkimbilia','E2','G3','bwana-ndiye-niliyemkimbilia',1,'E2','C3',NULL),(456,1,287,'Noli me tangere','E2','F3','noli-me-tangere-kiswahili',0,'G2','F3',NULL),(457,1,72,'Tenzi ya Majilio \"Sauti dhahiri yafuta giza\"','A1','A2','tenzi-ya-majilio-\"sauti-dhahiri-yafuta-giza\"',1,'A1','A2',NULL),(458,1,61,'Kando ya mito ya Babilonia','B1','F#3','kando-ya-mito-ya-babilonia',1,'D#2','C3',NULL),(459,2,31,'Alegría, ha nacido el salvador','D2','D#3','alegria-ha-nacido-el-salvador',1,'D2','D#3',NULL),(460,2,146,'Sube Dios entre aclamaciones','E2','A#2','sube-dios-entre-aclamaciones',1,'E2','A#2',NULL),(461,2,255,'Suba el esposo al leño de su tálamo','C2','F3','suba-el-esposo-al-leño-de-su-talamo',1,'C2','A2',NULL),(470,1,214,'Eli, eli, lamma sabaktani?','F#2','F#3','eli-eli-lamma-sabaktani',1,'A2','E3',NULL),(471,1,111,'Bikira wa maajabu','C#2','E3','bikira-wa-maajabu',1,'C#2','A2',NULL),(472,1,114,'Mavuno ya mataifa','A#1','C#3','mavuno-ya-mataifa',1,'B1','B2',NULL),(473,1,208,'Nani huyu atokaye Edomu','E2','F#3','nani-huyu-atokaye-edomu',1,'E2','A2',NULL),(474,1,270,'Nilipolala','G#1','E3','nilipolala',1,'E2','A2',NULL),(475,1,119,'Aondoke Mungu','D2','E3','aondoke-mungu',1,'D2','E3',NULL);
/*!40000 ALTER TABLE `song` ENABLE KEYS */;
UNLOCK TABLES;

--
-- Table structure for table `song_chord`
--

DROP TABLE IF EXISTS `song_chord`;
/*!40101 SET @saved_cs_client     = @@character_set_client */;
/*!40101 SET character_set_client = utf8 */;
CREATE TABLE `song_chord` (
  `id_song` int(10) unsigned NOT NULL,
  `chord` char(6) CHARACTER SET ascii COLLATE ascii_bin NOT NULL,
  `position` int(10) unsigned NOT NULL,
  UNIQUE KEY `id_song_chord` (`id_song`,`chord`)
) ENGINE=MyISAM DEFAULT CHARSET=utf8;
/*!40101 SET character_set_client = @saved_cs_client */;

--
-- Dumping data for table `song_chord`
--

LOCK TABLES `song_chord` WRITE;
/*!40000 ALTER TABLE `song_chord` DISABLE KEYS */;
INSERT INTO `song_chord` VALUES (126,'Am',1),(126,'E7',4),(126,'F',2),(126,'E',3),(125,'G7',2),(126,'G',0),(125,'G',4),(125,'F',3),(125,'Am',1),(125,'C',0),(124,'Gm',1),(123,'F',2),(123,'E',3),(124,'Dm',0),(123,'E7',4),(120,'Em',0),(119,'Em',0),(119,'B7',2),(119,'Am',1),(122,'E',1),(120,'C',3),(120,'B7',2),(122,'E7',2),(122,'Am',0),(120,'Am',1),(123,'G',1),(123,'Am',0),(122,'F',5),(122,'A7',3),(122,'Dm',4),(119,'C',3),(26,'F',3),(26,'G',2),(26,'Am',1),(26,'C',0),(27,'C',0),(27,'Am',1),(27,'G7',2),(27,'G',3),(27,'F',4),(27,'E',5),(28,'Am',0),(28,'E',1),(28,'Dm',2),(28,'F',3),(29,'Am',0),(29,'E',1),(29,'Dm',2),(30,'D',0),(30,'A',1),(30,'G',2),(30,'F#m',3),(30,'Em',4),(31,'Em',0),(31,'G',1),(31,'Am',2),(32,'Am',0),(32,'G',1),(32,'F',2),(32,'E',3),(33,'A',0),(33,'E',1),(33,'F',2),(33,'Am',3),(33,'E7',4),(34,'Dm',0),(34,'Gm',1),(34,'A',2),(34,'A7',3),(35,'Am',0),(35,'G',1),(35,'F',2),(35,'E',3),(35,'Dm',4),(36,'Am',0),(36,'G',1),(36,'F',2),(36,'E7',3),(37,'E',0),(37,'A',1),(38,'Em',0),(38,'B7',1),(38,'Am',2),(38,'C',3),(39,'D',0),(39,'A',1),(40,'D',0),(40,'G',1),(40,'A7',2),(40,'Bm',3),(40,'A',4),(41,'Em',0),(41,'D',1),(41,'Am',2),(42,'Am',0),(42,'G',1),(42,'F',2),(42,'E',3),(43,'Am',0),(43,'E',1),(43,'E7',2),(43,'G',3),(43,'F',4),(44,'Am',0),(44,'E7',1),(44,'F',2),(44,'G',3),(45,'Em',0),(45,'Am',1),(45,'B7',2),(45,'C',3),(45,'D',4),(45,'G',5),(45,'Bm',6),(46,'Am',0),(46,'Dm',1),(46,'E',2),(46,'F',3),(46,'G',4),(47,'Em',0),(47,'C',1),(47,'B7',2),(48,'Em',0),(48,'D',1),(48,'Am',2),(48,'B7',3),(48,'C',4),(48,'G',5),(48,'Bm',6),(49,'G',0),(49,'F#m',1),(49,'E',2),(49,'A',3),(49,'B',4),(49,'Em',5),(49,'D',6),(49,'C',7),(49,'B7',8),(50,'Em',0),(50,'E7',1),(51,'E',0),(51,'A',1),(51,'D',2),(52,'Dm',0),(52,'Gm',1),(52,'A',2),(52,'A7',3),(53,'G',0),(53,'B7',1),(53,'Em',2),(53,'D7',3),(54,'D',0),(54,'E',1),(54,'A',2),(54,'A7',3),(55,'D',0),(55,'F#m',1),(55,'D7',2),(55,'Em',3),(55,'G',4),(55,'A',5),(55,'Bm',6),(55,'E7',7),(56,'D',0),(56,'Em',1),(56,'D7',2),(56,'G',3),(56,'A',4),(57,'Em',0),(57,'Am',1),(57,'B7',2),(58,'Dm',0),(58,'Am',1),(58,'D7',2),(58,'G',3),(58,'Bm',4),(58,'C',5),(58,'F#',6),(58,'D',7),(59,'Am',0),(59,'F',1),(59,'G',2),(59,'E',3),(60,'Dm',0),(60,'F',1),(60,'A#',2),(60,'A7',3),(60,'C',4),(60,'A',5),(60,'G',6),(61,'Em',0),(61,'Am',1),(61,'B7',2),(61,'C',3),(62,'Am',0),(62,'Dm',1),(62,'E',2),(62,'G',3),(62,'F',4),(63,'G',0),(63,'D',1),(63,'C',2),(63,'D7',3),(63,'Bm',4),(63,'Em',5),(64,'G',0),(64,'Am',1),(64,'C',2),(64,'B7',3),(65,'E',0),(65,'G',1),(65,'A',2),(65,'B',3),(65,'Em',4),(65,'Am',5),(65,'Bm',6),(66,'Em',0),(66,'Am',1),(67,'Em',0),(67,'D',1),(67,'Am',2),(68,'Em',0),(68,'B7',1),(68,'G',2),(68,'Am',3),(68,'D',4),(68,'C',5),(69,'D',0),(69,'F#m',1),(69,'G',2),(69,'Em',3),(69,'Em6',4),(69,'A7',5),(69,'A',6),(70,'G',0),(70,'Bm',1),(70,'C',2),(70,'D',3),(71,'E',0),(71,'F#m',1),(71,'B7',2),(71,'C#m',3),(71,'G#',4),(72,'A',0),(72,'F#m',1),(72,'E',2),(72,'D',3),(72,'C#m',4),(73,'Em',0),(73,'Am',1),(73,'B7',2),(74,'Am',0),(74,'Em',1),(74,'F',2),(74,'E',3),(75,'D',0),(75,'F#m',1),(75,'G',2),(75,'A',3),(75,'Em',4),(76,'Am',0),(76,'G',1),(76,'F',2),(76,'E',3),(77,'Am',0),(77,'F',1),(77,'Dm',2),(77,'E',3),(78,'Em',0),(78,'C',1),(78,'B7',2),(78,'G',3),(79,'Am',0),(79,'Dm',1),(79,'F',2),(79,'E',3),(79,'C',4),(79,'Em',5),(80,'Am',0),(80,'Dm',1),(80,'F',2),(80,'E',3),(81,'C',0),(81,'E',1),(81,'Dm9',2),(81,'G',3),(81,'F',4),(82,'Em',0),(82,'A',1),(82,'Am',2),(82,'D',3),(82,'Bm',4),(83,'Am',0),(83,'G',1),(84,'C',0),(84,'Em',1),(84,'Am',2),(84,'F',3),(84,'G',4),(85,'Em',0),(85,'Am',1),(86,'G',0),(86,'Em',1),(86,'Am',2),(86,'Bm',3),(86,'A',4),(87,'Am',0),(87,'F',1),(87,'G',2),(87,'E',3),(88,'Am',0),(88,'G',1),(88,'F',2),(88,'E',3),(88,'Dm',4),(89,'Am',0),(89,'G',1),(89,'F',2),(89,'E',3),(89,'E7',4),(90,'Am',0),(90,'Dm',1),(90,'E',2),(90,'F',3),(90,'G',4),(91,'Dm',0),(91,'C',1),(91,'A',2),(91,'A#',3),(92,'E',0),(92,'C#m',1),(92,'G#',2),(92,'A',3),(92,'F#m',4),(92,'B',5),(93,'G',0),(93,'Em',1),(93,'C',2),(93,'D',3),(93,'B7',4),(93,'Am',5),(94,'E',0),(94,'A',1),(94,'F#',2),(94,'B7',3),(94,'C#m',4),(94,'G#',5),(95,'G',0),(95,'Em',1),(95,'C',2),(95,'Am',3),(95,'B7',4),(95,'D',5),(96,'Am',0),(96,'F',1),(96,'Dm',2),(96,'E',3),(97,'Am',0),(97,'G',1),(97,'E7',2),(97,'Dm',3),(97,'F',4),(97,'C',5),(98,'C',0),(98,'D',1),(98,'Cm',2),(98,'Gm',3),(98,'D7',4),(99,'E',0),(99,'F',1),(99,'G',2),(99,'C',3),(99,'Am',4),(100,'D',0),(100,'Em',1),(100,'A7',2),(100,'F#',3),(100,'Bm',4),(100,'A',5),(100,'G',6),(101,'E',0),(101,'Am',1),(101,'Dm',2),(101,'F',3),(102,'E',0),(102,'G#',1),(102,'C#m',2),(102,'F#m',3),(102,'B7',4),(103,'D',0),(103,'F#',1),(103,'Bm',2),(103,'A',3),(103,'G',4),(104,'Am',0),(104,'G',1),(104,'F',2),(104,'E',3),(105,'Dm',0),(105,'A#',1),(105,'A',2),(105,'A7',3),(106,'Em',0),(106,'D',1),(106,'G',2),(106,'A',3),(106,'Am',4),(106,'C',5),(107,'Em',0),(107,'Am',1),(107,'C',2),(107,'B7',3),(108,'Dm',0),(108,'Gm',1),(108,'A7',2),(108,'F',3),(108,'Am',4),(109,'Am',0),(109,'F',1),(109,'E',2),(109,'G',3),(110,'Am',0),(110,'F',1),(110,'E',2),(110,'G',3),(111,'E',0),(111,'C#m',1),(111,'G#',2),(111,'A',3),(111,'B7',4),(112,'Am',0),(112,'G',1),(112,'F',2),(112,'E',3),(113,'D',0),(113,'Bm',1),(113,'G',2),(113,'E',3),(113,'A',4),(113,'F#',5),(118,'D',1),(118,'F#m',2),(118,'E',3),(126,'C',5),(118,'Bm',0),(127,'D',0),(127,'G',1),(127,'A7',2),(128,'G',0),(128,'Bm',1),(128,'Am',2),(128,'Em',3),(128,'B7',4),(129,'A',0),(129,'Fm',1),(130,'Em',0),(130,'Am',1),(130,'D',2),(130,'C',3),(130,'B7',4),(131,'Cm',0),(131,'G7',1),(131,'Fm',2),(132,'Am',0),(132,'A7',1),(132,'Dm',2),(132,'F7M',3),(132,'E',4),(132,'F',5),(133,'E',0),(133,'F#m',1),(133,'B7',2),(133,'G#',3),(133,'C#m',4),(133,'A',5),(133,'B',6),(326,'C7',0),(134,'A',0),(134,'A#',1),(134,'Dm',2),(135,'Em',0),(135,'G',1),(135,'B7',2),(135,'Am',3),(135,'C',4),(136,'Em',0),(136,'B7',1),(136,'Am',2),(136,'D',3),(136,'G',4),(136,'C',5),(137,'Am',0),(137,'F',1),(137,'E',2),(137,'B7',3),(137,'Dm',4),(137,'G',5),(140,'Am',0),(140,'Dm9',1),(140,'E',2),(141,'Dm',0),(141,'A7',1),(141,'A#',2),(142,'Am',0),(142,'G',1),(142,'F',2),(142,'E',3),(142,'Dm',4),(143,'Am',0),(143,'E7',1),(143,'F',2),(143,'Dm',3),(143,'E',4),(144,'Am',0),(144,'G',1),(144,'C',2),(144,'F',3),(144,'E',4),(144,'E7',5),(145,'Am',0),(145,'A7',1),(145,'Dm9',2),(145,'F7M',3),(145,'E',4),(146,'Am',0),(146,'Dm',1),(146,'E',2),(146,'F',3),(146,'A7',4),(148,'Am',0),(148,'Dm',1),(148,'E',2),(148,'G',3),(148,'F',4),(149,'Dm',0),(149,'Gm',1),(149,'F',2),(149,'G',3),(149,'A',4),(149,'A7',5),(150,'Bm',0),(150,'G',1),(150,'Em',2),(150,'F#',3),(151,'A',0),(151,'F#m',1),(152,'E',0),(152,'A',1),(152,'D',2),(153,'A',0),(153,'A#',1),(153,'Dm',2),(153,'A7',3),(154,'C',0),(154,'E',1),(154,'Am',2),(155,'E',0),(155,'G',1),(155,'A',2),(155,'B7',3),(155,'Em',4),(155,'Am',5),(155,'Bm',6),(155,'B',7),(156,'D',0),(156,'F#m',1),(156,'G',2),(156,'Em6',3),(156,'A7',4),(157,'Am',0),(157,'Dm9',1),(157,'E',2),(157,'E7',3),(158,'C',0),(158,'E',1),(158,'F',2),(159,'Em',0),(159,'D',1),(159,'G',2),(159,'Bm',3),(160,'Dm',0),(160,'C',1),(160,'A',2),(160,'A#',3),(160,'A7',4),(161,'Am',0),(161,'G',1),(161,'F',2),(161,'E',3),(161,'Dm',4),(163,'G',0),(163,'F#m',1),(163,'E',2),(163,'A',3),(163,'B',4),(163,'Em',5),(163,'D',6),(163,'C',7),(163,'B7',8),(164,'Dm',0),(164,'Gm',1),(164,'A7',2),(165,'G',0),(165,'Am',1),(165,'C',2),(165,'B7',3),(166,'Am',0),(166,'E7',1),(167,'Am',0),(167,'C',1),(167,'E',2),(167,'F',3),(167,'Dm',4),(167,'Dm9',5),(167,'G',6),(167,'A7',7),(168,'Em',0),(168,'Am',1),(168,'B7',2),(168,'C',3),(168,'D7',4),(168,'G',5),(168,'Bm',6),(169,'E',0),(169,'F#m',1),(169,'B7',2),(169,'G#',3),(169,'C#m',4),(169,'C#7',5),(169,'A',6),(169,'B',7),(169,'A#',8),(170,'D',0),(170,'Em',1),(170,'D7',2),(170,'G',3),(170,'A',4),(171,'Em',0),(171,'Am',1),(171,'D',2),(171,'C',3),(171,'B7',4),(172,'Am',0),(172,'F7',1),(172,'E',2),(172,'F',3),(172,'E7',4),(172,'G',5),(173,'Am',0),(173,'Dm9',1),(173,'F',2),(173,'E',3),(173,'C',4),(173,'Em',5),(174,'C',0),(174,'E',1),(174,'Dm9',2),(174,'G',3),(174,'F',4),(175,'Em',0),(175,'Am',1),(176,'E',0),(176,'G#',1),(176,'A',2),(176,'B7',3),(176,'C#m',4),(176,'B',5),(177,'Am',0),(177,'F',1),(177,'G',2),(177,'E',3),(178,'C',0),(178,'Am',1),(178,'F',2),(178,'G',3),(178,'G#',4),(179,'G',0),(179,'Em',1),(179,'Am',2),(179,'Bm',3),(179,'A',4),(180,'Am',0),(180,'F',1),(180,'E',2),(180,'G',3),(181,'Em',0),(181,'E7',1),(181,'Am',2),(181,'B7',3),(182,'Am',0),(182,'G',1),(182,'E',2),(182,'F',3),(183,'E',0),(183,'C#m',1),(183,'G#',2),(183,'A',3),(183,'F#m',4),(183,'B',5),(184,'Am',0),(184,'E',1),(184,'F',2),(184,'Dm',3),(184,'Em',4),(184,'G',5),(184,'B',6),(184,'D',7),(184,'A',8),(184,'F#',9),(184,'Bm',10),(185,'Am',0),(185,'F',1),(185,'E',2),(185,'C',3),(186,'Am',0),(186,'C',1),(186,'E',2),(186,'F',3),(186,'A7',4),(186,'G',5),(186,'Dm',6),(188,'Dm',0),(188,'Gm',1),(188,'A7',2),(188,'A',3),(189,'G',0),(189,'Em',1),(189,'C',2),(189,'Am',3),(189,'B7',4),(189,'D',5),(190,'Em',0),(190,'D',1),(190,'Am',2),(190,'B7',3),(190,'C',4),(190,'D7',5),(190,'G',6),(190,'Bm',7),(191,'Am',0),(191,'G',1),(191,'F',2),(191,'E',3),(192,'Am',0),(192,'E',1),(192,'G',2),(192,'F',3),(193,'D',0),(193,'A',1),(193,'E7',2),(193,'A7',3),(193,'F#',4),(193,'Bm',5),(194,'Am',0),(194,'Em',1),(194,'F',2),(194,'E7',3),(195,'Am',0),(195,'F',1),(195,'G',2),(195,'E',3),(196,'Em',0),(196,'Am',1),(196,'B7',2),(196,'D7',3),(196,'G',4),(197,'Em',0),(197,'B7',1),(197,'G',2),(197,'Am',3),(197,'D',4),(197,'C',5),(198,'Am',0),(198,'E7',1),(198,'A7',2),(198,'Dm',3),(198,'E',4),(199,'Am',0),(199,'G',1),(199,'E',2),(199,'Dm',3),(199,'F',4),(199,'C',5),(200,'Em',0),(200,'Am',1),(200,'B7',2),(200,'Am6',3),(201,'Em',0),(201,'D',1),(202,'Em',0),(202,'B7',1),(202,'Am',2),(203,'Dm',0),(203,'Gm',1),(203,'A',2),(203,'A#',3),(203,'C',4),(204,'G',0),(204,'Bm',1),(204,'C',2),(204,'D7',3),(204,'D',4),(205,'Am',0),(205,'F',1),(205,'E',2),(205,'G',3),(206,'E',0),(206,'C#m',1),(206,'G#',2),(206,'A',3),(206,'B7',4),(207,'D',0),(207,'E',1),(207,'A',2),(207,'A7',3),(208,'Dm',0),(208,'Gm',1),(208,'A7',2),(208,'A#',3),(208,'C',4),(209,'B',0),(209,'Am',1),(209,'Em',2),(210,'G',0),(210,'Em',1),(210,'C',2),(210,'A',3),(210,'D',4),(211,'D',0),(211,'F#m',1),(211,'G',2),(211,'Em6',3),(211,'A7',4),(211,'F#',5),(212,'Am',0),(212,'F',1),(212,'Dm',2),(212,'E',3),(213,'Em',0),(213,'C',1),(213,'B7',2),(213,'Am',3),(214,'Dm',0),(214,'C',1),(214,'Gm',2),(215,'Am',0),(215,'Dm',1),(215,'F',2),(215,'E',3),(215,'E7',4),(216,'Am',0),(216,'F',1),(216,'E',2),(216,'G',3),(217,'Dm5',0),(217,'Am',1),(217,'Am6',2),(217,'D7',3),(217,'G',4),(217,'Bm',5),(217,'C',6),(217,'F#',7),(217,'D',8),(217,'A',9),(218,'Em',0),(218,'G',1),(218,'B7',2),(218,'Am',3),(218,'C',4),(219,'Dm',0),(219,'D7',1),(219,'Gm',2),(219,'A',3),(219,'A#',4),(220,'Em',0),(220,'F#',1),(220,'G',2),(220,'Bm',3),(221,'Dm',0),(221,'C',1),(221,'A',2),(221,'G',3),(221,'F',4),(221,'A7',5),(221,'A#',6),(222,'Em',0),(222,'Am',1),(222,'B7',2),(223,'Am',0),(223,'Dm',1),(223,'E',2),(224,'C',0),(224,'E',1),(224,'Am',2),(224,'F',3),(225,'C',0),(225,'Em',1),(225,'Am',2),(225,'F',3),(226,'Am',0),(226,'Dm',1),(226,'E',2),(226,'G',3),(226,'F',4),(227,'Am',0),(227,'G',1),(227,'F',2),(227,'E',3),(228,'D',0),(228,'F#m',1),(228,'G',2),(228,'A',3),(228,'A7',4),(229,'Am',0),(229,'G',1),(229,'F',2),(229,'E',3),(230,'Am',0),(230,'E7',1),(230,'F',2),(230,'E',3),(230,'Dm',4),(231,'Am',0),(231,'G',1),(231,'F',2),(231,'E',3),(231,'E7',4),(231,'Dm',5),(232,'Am',0),(232,'Dm',1),(232,'E',2),(233,'Bm',0),(233,'A',1),(233,'F#',2),(233,'G',3),(233,'A7',4),(233,'D',5),(233,'Em',6),(234,'F#',0),(234,'G',1),(234,'Bm',2),(234,'A',3),(235,'Em',0),(235,'B7',1),(235,'C',2),(235,'Am',3),(235,'G',4),(236,'E',0),(236,'C#m',1),(236,'A',2),(236,'B',3),(236,'G#',4),(237,'E',0),(237,'F#m',1),(237,'B7',2),(237,'C#m',3),(237,'G#',4),(238,'Am',0),(238,'F',1),(238,'E',2),(238,'B7',3),(238,'Dm',4),(238,'G',5),(239,'Dm5',0),(239,'Gm',1),(239,'A',2),(239,'Dm',3),(239,'C',4),(239,'F',5),(239,'A#',6),(240,'Dm5',0),(240,'C7',1),(240,'A#7',2),(240,'A',3),(240,'Dm',4),(240,'Gm',5),(241,'Am',0),(241,'Dm',1),(241,'G',2),(242,'C',0),(242,'D',1),(242,'Cm',2),(242,'Gm',3),(242,'D7',4),(243,'G',0),(243,'Em',1),(243,'C',2),(243,'D',3),(243,'B7',4),(243,'Am',5),(244,'Am',0),(244,'G',1),(244,'F',2),(244,'E',3),(245,'Am',0),(245,'E',1),(246,'Em',0),(246,'B7',1),(246,'Am',2),(247,'C',0),(247,'F',1),(247,'E',2),(248,'Am',0),(248,'G',1),(249,'Em',0),(249,'Am',1),(250,'Bm',0),(250,'Em',1),(250,'G',2),(250,'F#',3),(251,'Am',0),(251,'E',1),(251,'E7',2),(251,'Dm',3),(253,'C',3),(253,'Dm',2),(253,'E',1),(253,'Am',0),(253,'F',4),(254,'Em',0),(254,'B7',1),(255,'Am',0),(255,'E',1),(255,'F',2),(255,'G',3),(256,'D',0),(256,'F#',1),(256,'Bm',2),(256,'G',3),(256,'A7',4),(257,'E',0),(257,'A',1),(257,'F#',2),(257,'B7',3),(257,'C#m',4),(257,'G#',5),(258,'Am',0),(258,'G',1),(258,'F',2),(258,'E',3),(258,'Dm',4),(259,'G',0),(259,'C',1),(259,'D',2),(259,'Em',3),(260,'C',0),(260,'E',1),(260,'Am',2),(261,'Em',0),(261,'D',1),(261,'Am',2),(262,'E',1),(262,'A',0),(263,'G',0),(263,'C',1),(263,'D',2),(263,'Em',3),(264,'G',0),(264,'C',1),(264,'D',2),(264,'Em',3),(265,'Em',0),(265,'Am',1),(265,'B7',2),(265,'C',3),(265,'D',4),(266,'G',0),(266,'Am',1),(266,'F',2),(266,'E',3),(266,'Dm',4),(267,'Am',0),(267,'G',1),(267,'F',2),(267,'E',3),(268,'Dm',0),(268,'F',1),(268,'C',2),(268,'Am',3),(268,'A#',4),(269,'D',0),(269,'A',1),(269,'G',2),(269,'F#m',3),(269,'Em',4),(269,'A7',5),(270,'Em',0),(270,'G',1),(270,'C',2),(270,'D7',3),(271,'Em',0),(271,'Am',1),(271,'B7',2),(271,'C',3),(272,'Em',0),(272,'Am',1),(272,'B7',2),(272,'C',3),(273,'G',0),(273,'Am',1),(273,'F',2),(273,'E',3),(273,'C',4),(273,'E7',5),(274,'Dm',0),(274,'F',1),(274,'Gm',2),(274,'A7',3),(275,'G',0),(275,'Em',1),(275,'Am',2),(275,'Bm',3),(275,'A',4),(276,'G',0),(276,'D7',1),(276,'Em',2),(276,'B7',3),(276,'C',4),(276,'D',5),(277,'G',0),(277,'Am',1),(277,'F',2),(277,'E',3),(277,'Dm',4),(278,'Am',0),(278,'G',1),(278,'C',2),(278,'F',3),(278,'E7',4),(278,'E',5),(279,'Em',0),(279,'Am',1),(279,'B7',2),(279,'C',3),(280,'Em',0),(280,'G',1),(280,'D',2),(281,'A',0),(281,'E',1),(281,'F',2),(281,'Am',3),(282,'Dm',0),(282,'F',1),(282,'Gm',2),(283,'Dm',0),(283,'Gm',1),(283,'A',2),(284,'Am',0),(284,'G',1),(284,'F',2),(284,'E',3),(285,'Am',0),(285,'G',1),(285,'F',2),(285,'E',3),(285,'Dm',4),(286,'Am',0),(286,'G',1),(286,'F',2),(286,'E',3),(287,'D',0),(287,'A',1),(287,'Bm',2),(287,'F#',3),(288,'D',0),(288,'Em',1),(288,'A7',2),(288,'F#',3),(288,'Bm',4),(288,'A',5),(288,'G',6),(289,'C',0),(289,'Am',1),(289,'Dm',2),(289,'G7',3),(289,'A7',4),(289,'G',5),(289,'E',6),(289,'F',7),(290,'Em',0),(290,'Am',1),(290,'B7',2),(290,'G',3),(290,'A',4),(291,'Em',0),(291,'Am',1),(291,'B7',2),(291,'D',3),(292,'D',0),(292,'F#',1),(292,'Bm',2),(292,'A',3),(292,'G',4),(293,'Dm',0),(293,'C',1),(293,'F',2),(293,'G',3),(293,'A',4),(293,'Gm',5),(293,'A7',6),(294,'Bm',0),(294,'C',1),(294,'D',2),(294,'F#m',3),(294,'G',4),(294,'F#',5),(295,'Dm',0),(295,'Gm',1),(295,'A',2),(295,'A7',3),(295,'F',4),(295,'Am',5),(296,'Am',0),(296,'Dm',1),(296,'E',2),(296,'A7',3),(296,'C',4),(296,'F',5),(297,'E',0),(297,'G#',1),(297,'C#m',2),(297,'F#m',3),(297,'B7',4),(297,'A',5),(298,'Am',0),(298,'F',1),(298,'E',2),(298,'G',3),(298,'C',4),(298,'D',5),(298,'E7',6),(299,'Em',0),(299,'D',1),(299,'C',2),(299,'Am',3),(299,'D7',4),(299,'B7',5),(299,'Bm',6),(299,'C7',7),(300,'Em',0),(300,'Am',1),(300,'B7',2),(300,'C',3),(301,'Am',0),(301,'G',1),(301,'F',2),(301,'E',3),(301,'Dm',4),(302,'Dm',0),(302,'A7',1),(302,'A#7',2),(303,'C',0),(303,'E',1),(303,'Am',2),(303,'Dm',3),(303,'G',4),(303,'F',5),(304,'Am',0),(304,'E',1),(304,'G',2),(304,'F',3),(305,'Dm',0),(305,'A#',1),(305,'A',2),(306,'Am',0),(306,'Dm',1),(306,'E',2),(306,'F',3),(306,'Dm9',4),(307,'D',0),(307,'Bm',1),(307,'G',2),(307,'E',3),(307,'A',4),(307,'F#',5),(308,'C',0),(308,'Am',1),(308,'F',2),(308,'G',3),(309,'Am',0),(309,'Dm',1),(309,'E7',2),(309,'F',3),(309,'E',4),(309,'A',5),(309,'F#m',6),(310,'Am',0),(310,'F',1),(310,'Dm',2),(310,'E7',3),(310,'Em',4),(310,'E',5),(310,'G',6),(310,'C',7),(311,'Dm',0),(311,'Gm',1),(311,'A',2),(311,'C',3),(311,'F',4),(311,'A#',5),(312,'C',0),(312,'F',1),(312,'G',2),(312,'Fm',3),(312,'Cm',4),(312,'A#',5),(312,'G#',6),(313,'Am',0),(313,'Dm',1),(313,'F',2),(313,'E',3),(313,'G',4),(314,'E',0),(314,'Am',1),(314,'Dm',2),(314,'F',3),(317,'B7',8),(317,'E',7),(317,'F#',6),(317,'B',5),(317,'A',4),(317,'Bm',3),(317,'A7',2),(317,'G',1),(317,'D',0),(317,'C#7',9),(318,'Em',0),(318,'D',1),(318,'C',2),(318,'G',3),(318,'A',4),(318,'Am',5),(319,'Am',0),(319,'Dm',1),(319,'F',2),(319,'C',3),(319,'G',4),(326,'F',1),(326,'A7',2),(326,'D7',3),(326,'G7',4),(327,'Dm',0),(327,'A7',1),(327,'Gm',2),(327,'A#7',3),(328,'Dm',0),(328,'A7',1),(328,'Gm',2),(328,'A#7',3),(329,'C',0),(329,'E',1),(329,'Am',2),(329,'F',3),(329,'Dm',4),(330,'Em',0),(330,'Am',1),(330,'B7',2),(330,'D',3),(331,'C',0),(331,'Am',1),(331,'Dm',2),(331,'G',3),(332,'Dm',0),(332,'A7',1),(332,'Gm',2),(332,'A#',3),(332,'F',4),(332,'Am',5),(332,'C',6),(333,'Em',0),(333,'D',1),(333,'C',2),(333,'B7',3),(334,'Am',0),(334,'Em',1),(334,'Dm9',2),(334,'F',3),(334,'E',4),(334,'Dm',5),(335,'Am',0),(335,'E',1),(336,'Dm',0),(336,'A7',1),(336,'Gm',2),(337,'Am',0),(337,'G',1),(338,'Em',0),(338,'Am',1),(338,'F',2),(338,'E',3),(339,'E',0),(339,'Am',1),(339,'Dm',2),(339,'G7',3),(339,'E7',4),(339,'F7M',5),(339,'F',6),(340,'Am',0),(340,'E7',1),(340,'F',2),(340,'E',3),(340,'C',4),(340,'G',5),(341,'Am',0),(341,'E',1),(342,'C',0),(342,'E',1),(342,'F',2),(342,'Dm',3),(342,'G',4),(342,'D7',5),(342,'C7',6),(342,'Gm',7),(342,'Cm',8),(343,'G',0),(343,'B7',1),(343,'Em',2),(343,'C',3),(343,'Am',4),(344,'Dm',0),(344,'A7',1),(344,'Gm',2),(344,'C',3),(344,'F',4),(344,'A#',5),(345,'Em',0),(345,'Am',1),(345,'B7',2),(345,'C',3),(346,'Dm',0),(346,'F',1),(346,'Am',2),(346,'Gm',3),(346,'A',4),(346,'A#',5),(406,'G',3),(406,'E',0),(406,'Am',1),(406,'F',2),(348,'Em',0),(348,'C',1),(348,'D7',2),(348,'G',3),(348,'B7',4),(349,'D7',0),(349,'Em',1),(349,'F',2),(349,'E',3),(349,'Am',4),(350,'E',0),(350,'F',1),(350,'G',2),(350,'C',3),(350,'Am',4),(351,'A7',0),(351,'D',1),(351,'F#m',2),(351,'G',3),(351,'F#',4),(351,'Bm',5),(351,'Em',6),(352,'Dm',0),(352,'Am',1),(352,'Gm',2),(352,'A',3),(353,'Am',0),(353,'Dm9',1),(353,'E7',2),(353,'F',3),(353,'Dm',4),(354,'Dm',0),(354,'Gm',1),(354,'Gm6',2),(354,'C7',3),(354,'F',4),(354,'A',5),(354,'Am',6),(354,'A#',7),(355,'D',0),(355,'F#m',1),(355,'Bm',2),(355,'Em',3),(355,'A',4),(355,'F#',5),(355,'A7',6),(355,'G',7),(356,'Am',0),(356,'G',1),(356,'F',2),(356,'E',3),(357,'C',0),(357,'G',1),(357,'F',2),(357,'Am',3),(357,'Dm',4),(357,'E',5),(357,'E7',6),(357,'G7',7),(358,'Am',0),(358,'Dm',1),(358,'E',2),(358,'F',3),(359,'Bm',0),(359,'Em',1),(359,'F#',2),(359,'G',3),(360,'Dm',0),(360,'A7',1),(360,'Gm',2),(360,'A#',3),(360,'D7',4),(360,'A#7',5),(361,'Em',0),(361,'Am',1),(361,'C',2),(361,'B7',3),(362,'Em',0),(362,'B7',1),(362,'Am6',2),(362,'Am',3),(362,'C',4),(453,'F',3),(470,'Am',1),(470,'B7',2),(470,'C',3),(470,'Em',0),(364,'C',0),(364,'Am',1),(364,'F',2),(364,'E',3),(364,'Dm',4),(364,'G',5),(365,'C#dim',0),(365,'A#7',1),(365,'A7',2),(365,'Dm',3),(365,'Gm',4),(366,'Am',0),(366,'F7',1),(366,'Dm',2),(366,'E',3),(366,'A7',4),(366,'A#7',5),(366,'Gm',6),(366,'C',7),(367,'G',0),(367,'Am',1),(367,'F',2),(367,'E',3),(367,'C',4),(367,'D',5),(368,'D',0),(368,'Bm',1),(368,'G',2),(368,'A',3),(368,'F#',4),(369,'Am',0),(369,'G',1),(369,'F',2),(369,'E',3),(369,'Dm',4),(370,'Em',0),(370,'Am',1),(370,'G',2),(370,'A',3),(370,'B7',4),(371,'G',0),(371,'Am',1),(371,'F',2),(371,'E',3),(371,'E7',4),(371,'Dm',5),(372,'Em',0),(372,'Am',1),(372,'B7',2),(372,'C',3),(372,'D',4),(373,'G',0),(373,'Am',1),(373,'F',2),(373,'E',3),(373,'E7',4),(373,'Dm',5),(374,'Dm',0),(374,'F',1),(374,'Gm',2),(374,'A7',3),(375,'G',0),(375,'Em',1),(375,'Am',2),(375,'Bm',3),(375,'A',4),(376,'Em',0),(376,'Am',1),(376,'B7',2),(376,'D7',3),(376,'G',4),(377,'D',0),(377,'G',1),(377,'A',2),(377,'Bm',3),(378,'D',0),(378,'G',1),(378,'A',2),(378,'Bm',3),(379,'Am',0),(379,'F',1),(379,'E7',2),(379,'G',3),(379,'Dm',4),(384,'Am',0),(384,'E',1),(384,'E7',2),(385,'C7',0),(385,'F',1),(385,'A7',2),(385,'D7',3),(385,'G7',4),(451,'E7',2),(451,'B7',1),(414,'E7',3),(414,'F',1),(451,'Em',0),(414,'E',2),(414,'Am',0),(387,'C',0),(387,'E',1),(387,'F',2),(388,'Em',0),(388,'B7',1),(389,'Am',0),(389,'Dm',1),(389,'E',2),(391,'C',0),(391,'Am',1),(391,'F',2),(391,'G',3),(391,'G#',4),(392,'Em',0),(392,'D',1),(392,'G',2),(392,'Bm',3),(393,'Em',0),(393,'Am',1),(393,'B7',2),(393,'G',3),(393,'A',4),(394,'Am',0),(394,'Dm',1),(394,'E',2),(395,'E',0),(395,'Am',1),(395,'Dm',2),(395,'G7',3),(395,'G',4),(395,'E7',5),(395,'F7M',6),(396,'Dm',0),(396,'C7',1),(396,'A#7',2),(396,'A7',3),(397,'Em',0),(397,'Am',1),(397,'B7',2),(398,'E',0),(398,'G#',1),(398,'A',2),(398,'B7',3),(398,'C#m',4),(398,'B',5),(399,'Am',0),(399,'E',1),(399,'Dm',2),(399,'F',3),(400,'D',0),(400,'F#',1),(400,'Bm',2),(400,'G',3),(400,'A',4),(401,'Em',0),(401,'B7',1),(401,'C',2),(401,'Am',3),(401,'G',4),(402,'Bm',0),(402,'C',1),(402,'D',2),(402,'F#m',3),(402,'G',4),(402,'F#',5),(403,'C',0),(403,'F',1),(403,'G',2),(403,'Am',3),(407,'Am',0),(407,'Dm',1),(407,'E7',2),(407,'F',3),(407,'E',4),(407,'G',5),(408,'Em',0),(408,'B7',1),(408,'D',2),(408,'C',3),(408,'Am',4),(409,'E',0),(409,'F',1),(409,'Am',2),(409,'G',3),(409,'A',4),(409,'F#',5),(409,'Bm',6),(409,'D',7),(410,'Am',0),(410,'F',1),(410,'G',2),(410,'E',3),(411,'Am',0),(411,'Dm',1),(412,'Em',0),(412,'G',1),(412,'Bm',2),(412,'A',3),(414,'G',4),(415,'Am',0),(415,'E',1),(415,'C',2),(415,'F',3),(415,'Dm',4),(416,'Am',0),(416,'F',1),(416,'Dm',2),(416,'E7',3),(416,'Em',4),(416,'C',5),(416,'G',6),(416,'E',7),(417,'Dm',0),(417,'Gm',1),(417,'A',2),(417,'A#',3),(418,'Am',0),(418,'E',1),(418,'F',2),(418,'Dm',3),(418,'Em',4),(418,'G',5),(418,'B',6),(418,'D',7),(418,'A',8),(418,'F#',9),(418,'Bm',10),(419,'Dm',0),(419,'Gm',1),(419,'A',2),(419,'C7',3),(419,'F',4),(419,'Am',5),(419,'A#',6),(420,'Am',0),(420,'F',1),(420,'E',2),(420,'G',3),(421,'D',0),(421,'A',1),(421,'G',2),(421,'Em',3),(422,'C',0),(422,'G',1),(422,'Am',2),(422,'E',3),(422,'E7',4),(423,'Em',0),(423,'Am',1),(423,'D7',2),(423,'G',3),(423,'C',4),(423,'B7',5),(423,'D',6),(424,'G',0),(424,'Bm',1),(424,'C',2),(424,'Am',3),(424,'D7',4),(424,'D',5),(425,'Em',0),(425,'B7',1),(425,'Am',2),(426,'G',0),(426,'Em',1),(426,'C',2),(426,'A',3),(426,'D',4),(427,'Em',0),(427,'D',1),(427,'G',2),(427,'A',3),(427,'B7',4),(427,'Am',5),(428,'Am',0),(428,'G',1),(428,'F',2),(428,'Dm',3),(428,'G7',4),(428,'E',5),(428,'E7',6),(428,'F7',7),(429,'Am',0),(429,'Dm',1),(429,'F',2),(429,'E',3),(429,'A',4),(429,'F#m',5),(430,'Am',0),(430,'E',1),(430,'C',2),(430,'F',3),(430,'Dm',4),(431,'Am',0),(431,'C',1),(431,'E',2),(431,'F',3),(431,'Dm',4),(431,'G',5),(431,'A7',6),(431,'E7',7),(432,'G',0),(432,'Am',1),(432,'F',2),(432,'E',3),(432,'Em',4),(433,'E',0),(433,'Dm9',1),(435,'Em',0),(435,'Am',1),(435,'B7',2),(436,'Em',0),(436,'Am',1),(436,'B7',2),(437,'D',0),(437,'Bm',1),(437,'A',2),(437,'G',3),(438,'Am',0),(438,'Dm',1),(438,'E',2),(439,'Am',0),(439,'F',1),(439,'E',2),(439,'Dm',3),(440,'Am',0),(440,'G',1),(440,'F',2),(440,'E',3),(441,'Dm',0),(441,'Gm',1),(441,'A#',2),(441,'F',3),(441,'C',4),(442,'Am',0),(442,'G',1),(443,'Am',0),(443,'G',1),(444,'Bm',0),(444,'A',1),(444,'G',2),(444,'F#',3),(445,'Am',0),(445,'G',1),(445,'F',2),(445,'E',3),(446,'Am',0),(446,'G',1),(447,'Am',0),(447,'G',1),(448,'Am',0),(448,'G',1),(449,'C',0),(449,'F',1),(449,'E',2),(450,'Am',0),(450,'Dm',1),(450,'E',2),(450,'F',3),(451,'Am',3),(452,'Am',0),(452,'E',1),(452,'Dm',2),(474,'Dm',3),(474,'Am',2),(474,'C',0),(474,'E',1),(454,'Em',0),(454,'F',1),(454,'E',2),(454,'Am',3),(454,'G',4),(454,'F#',5),(454,'A',6),(454,'Bm',7),(454,'D',8),(472,'G',3),(473,'B7',2),(472,'A',4),(473,'Em',0),(473,'Am',1),(473,'D',3),(456,'C',0),(456,'F',1),(456,'G',2),(456,'Fm',3),(456,'Cm',4),(456,'A#',5),(456,'G#',6),(472,'F#',2),(472,'Bm',0),(472,'Em',1),(471,'Bm',0),(471,'F#',3),(471,'G',2),(471,'Em',1),(459,'Dm',0),(459,'Gm',1),(459,'A',2),(459,'F',3),(459,'A#',4),(459,'C#',5),(459,'C7',6),(460,'Dm',0),(460,'Gm',1),(225,'G',4),(461,'Am',0),(461,'Dm',1),(461,'E',2),(461,'F',3),(475,'Dm9',1),(475,'E',0),(474,'E7',4),(474,'F',5),(455,'Am',5),(453,'G',2),(453,'E',1),(453,'Am',0),(455,'C',4),(455,'Em',2),(455,'C7',3),(457,'Am',0),(455,'G',0),(457,'E',1),(457,'Dm',2),(455,'B7',1),(458,'D',3),(458,'B7',2),(458,'Em',0),(458,'Am',1);
/*!40000 ALTER TABLE `song_chord` ENABLE KEYS */;
UNLOCK TABLES;
/*!40103 SET TIME_ZONE=@OLD_TIME_ZONE */;

/*!40101 SET SQL_MODE=@OLD_SQL_MODE */;
/*!40014 SET FOREIGN_KEY_CHECKS=@OLD_FOREIGN_KEY_CHECKS */;
/*!40014 SET UNIQUE_CHECKS=@OLD_UNIQUE_CHECKS */;
/*!40101 SET CHARACTER_SET_CLIENT=@OLD_CHARACTER_SET_CLIENT */;
/*!40101 SET CHARACTER_SET_RESULTS=@OLD_CHARACTER_SET_RESULTS */;
/*!40101 SET COLLATION_CONNECTION=@OLD_COLLATION_CONNECTION */;
/*!40111 SET SQL_NOTES=@OLD_SQL_NOTES */;

-- Dump completed on 2017-06-07 17:26:24
