-- MySQL dump 10.13  Distrib 5.5.40, for debian-linux-gnu (x86_64)
--
-- Host: localhost    Database: transposer
-- ------------------------------------------------------
-- Server version	5.5.40-0ubuntu0.14.04.1

/*!40101 SET @OLD_CHARACTER_SET_CLIENT=@@CHARACTER_SET_CLIENT */;
/*!40101 SET @OLD_CHARACTER_SET_RESULTS=@@CHARACTER_SET_RESULTS */;
/*!40101 SET @OLD_COLLATION_CONNECTION=@@COLLATION_CONNECTION */;
/*!40101 SET NAMES utf8 */;
/*!40103 SET @OLD_TIME_ZONE=@@TIME_ZONE */;
/*!40103 SET TIME_ZONE='+00:00' */;
/*!40014 SET @OLD_UNIQUE_CHECKS=@@UNIQUE_CHECKS, UNIQUE_CHECKS=0 */;
/*!40014 SET @OLD_FOREIGN_KEY_CHECKS=@@FOREIGN_KEY_CHECKS, FOREIGN_KEY_CHECKS=0 */;
/*!40101 SET @OLD_SQL_MODE=@@SQL_MODE, SQL_MODE='NO_AUTO_VALUE_ON_ZERO' */;
/*!40111 SET @OLD_SQL_NOTES=@@SQL_NOTES, SQL_NOTES=0 */;

--
-- Table structure for table `book`
--

DROP TABLE IF EXISTS `book`;
/*!40101 SET @saved_cs_client     = @@character_set_client */;
/*!40101 SET character_set_client = utf8 */;
CREATE TABLE `book` (
  `id_book` int(10) unsigned NOT NULL AUTO_INCREMENT,
  `lang_name` varchar(50) NOT NULL,
  `details` varchar(100) NOT NULL,
  `chord_printer` varchar(50) NOT NULL,
  `locale` char(2) NOT NULL,
  PRIMARY KEY (`id_book`)
) ENGINE=MyISAM AUTO_INCREMENT=3 DEFAULT CHARSET=utf8;
/*!40101 SET character_set_client = @saved_cs_client */;

--
-- Dumping data for table `book`
--

LOCK TABLES `book` WRITE;
/*!40000 ALTER TABLE `book` DISABLE KEYS */;
INSERT INTO `book` VALUES (1,'Kiswahili','Tanzania - Kenya 2003','Swahili','sw'),(2,'Español','Madrid 2014','Spanish','es');
/*!40000 ALTER TABLE `book` ENABLE KEYS */;
UNLOCK TABLES;

--
-- Table structure for table `song`
--

DROP TABLE IF EXISTS `song`;
/*!40101 SET @saved_cs_client     = @@character_set_client */;
/*!40101 SET character_set_client = utf8 */;
CREATE TABLE `song` (
  `id_song` int(10) unsigned NOT NULL AUTO_INCREMENT,
  `id_book` int(10) unsigned NOT NULL,
  `page` int(3) unsigned DEFAULT NULL,
  `title` varchar(100) NOT NULL,
  `key` enum('C','Cm','C#','C#m','Db','Dbm','D','Dm','D#','D#m','Eb','Ebm','E','Em','F','Fm','F#','F#m','Gb','Gbm','G','Gm','G#','G#m','Ab','Abm','A','Am','A#','A#m','Bb','Bbm','B','Bm') DEFAULT NULL,
  `lowest_note` char(3) NOT NULL,
  `highest_note` char(3) NOT NULL,
  `slug` varchar(100) NOT NULL,
  `first_chord_is_tone` bit(1) DEFAULT b'0',
  PRIMARY KEY (`id_song`),
  UNIQUE KEY `slug` (`slug`)
) ENGINE=MyISAM AUTO_INCREMENT=368 DEFAULT CHARSET=utf8;
/*!40101 SET character_set_client = @saved_cs_client */;

--
-- Dumping data for table `song`
--

LOCK TABLES `song` WRITE;
/*!40000 ALTER TABLE `song` DISABLE KEYS */;
INSERT INTO `song` VALUES (125,1,273,'Mbele yake wote uficha uso: Wimbo wa 4 wa Mtumishi wa Yahweh',NULL,'C2','G3','mbele-yake-wote-uficha-uso-wimbo-wa-4-wa-mtumishi-wa-yahweh','\0'),(124,1,95,'Yuaja Bwana amejivika adhama',NULL,'A2','F2','yuaja-bwana-amejivika-adhama','\0'),(123,1,46,'Nani atatutenga',NULL,'D2','D3','nani-atatutenga','\0'),(120,1,2,'Litania ya Penitensia',NULL,'E2','D3','litania-ya-penitensia','\0'),(122,1,32,'Safari i ngumu',NULL,'E2','E3','safari-i-ngumu','\0'),(119,1,1,'Litania fupi ya Penitensia',NULL,'E2','D3','litania-fupi-ya-penitensia','\0'),(26,2,223,'No hay en Él parecer (Cuarto canto del Siervo de Yahveh)',NULL,'C2','G3','no-hay-en-el-parecer-cuarto-canto-del-siervo-de-yahveh',''),(27,2,36,'Amén, Amén, Amén',NULL,'C2','A3','amen-amen-amen',''),(28,2,25,'A ti, Señor, levanto mi alma',NULL,'A1','D3','a-ti-señor-levanto-mi-alma',''),(29,2,44,'Bendice, alma mía, a Yahveh',NULL,'E2','D3','bendice-alma-mia-a-yahveh',''),(30,1,4,'Utukufu kwa Mungu juu mbinguni',NULL,'D2','E3','utukufu-kwa-mungu-juu-mbinguni','\0'),(31,1,5,'Yu Mtakatifu (Wakati wa Kwaresima)',NULL,'B1','C3','yu-mtakatifu-wakati-wa-kwaresima','\0'),(32,1,5,'Mtakatifu (Mwakani)',NULL,'G1','B2','mtakatifu-mwakani','\0'),(33,1,6,'Mtakatifu ndiye Bwana - Mtakatifu wa Vibanda (Wakati wa Majilio)',NULL,'F2','F3','mtakatifu-ndiye-bwana-mtakatifu-wa-vibanda-wakati-wa-majilio','\0'),(34,1,6,'Mtakatifu, Mtakatifu - Hosanna ya Matawi (wa Wakati wa Pasaka)',NULL,'D2','G3','mtakatifu-mtakatifu-hosanna-ya-matawi-wa-wakati-wa-pasaka','\0'),(35,1,7,'Mtakatifu (1983)',NULL,'A1','G3','mtakatifu-1983','\0'),(36,1,7,'Mtakatifu, Mtakatifu (1988)',NULL,'E2','D3','mtakatifu-mtakatifu-1988','\0'),(37,1,24,'Wimbo wa Katikati (1)',NULL,'A1','B2','wimbo-wa-katikati-1','\0'),(38,1,24,'Wimbo wa Katikati (2)',NULL,'B1','D3','wimbo-wa-katikati-2','\0'),(39,1,26,'Aleluya ya Pasaka',NULL,'A1','D3','aleluya-ya-pasaka','\0'),(40,1,26,'Aleluya kwa Shangilio la Injili (1)',NULL,'A1','B2','aleluya-kwa-shangilio-la-injili-1','\0'),(41,1,26,'Aleluya kwa Shangilio la Injili (2)',NULL,'D2','B3','aleluya-kwa-shangilio-la-injili-2','\0'),(42,1,31,'Amefufuka',NULL,'E2','D3','amefufuka','\0'),(43,1,32,'Kwako we, Mji wa Mungu',NULL,'E2','E3','kwako-we-mji-wa-mungu','\0'),(44,1,35,'Yahweh u Mungu wangu',NULL,'D2','D3','yahweh-u-mungu-wangu','\0'),(45,1,37,'Tazama ilivyo vema',NULL,'E2','E3','tazama-ilivyo-vema','\0'),(46,1,37,'Jinsi ilivyo vema na kupendeza',NULL,'E2','F3','jinsi-ilivyo-vema-na-kupendeza','\0'),(47,1,38,'Tazameni ilivyo vema, onjeni ulivyo mtamu',NULL,'A1','C3','tazameni-ilivyo-vema-onjeni-ulivyo-mtamu','\0'),(48,1,39,'Asante Yahweh',NULL,'D2','F#3','asante-yahweh','\0'),(49,1,40,'Wimbo wa vijana watatu katika tanuru',NULL,'E2','C3','wimbo-wa-vijana-watatu-katika-tanuru','\0'),(50,1,41,'Wimbo wa vijana watatu katika tanuru (Sehemu ya pili)',NULL,'D2','D3','wimbo-wa-vijana-watatu-katika-tanuru-sehemu-ya-pili','\0'),(51,1,43,'Aleluya, msifuni Mungu',NULL,'A2','D3','aleluya-msifuni-mungu','\0'),(52,1,44,'Evenu Shalom Alehem',NULL,'D2','D3','evenu-shalom-alehem-swahili','\0'),(53,1,45,'Aleluya, umekuja Ufalme',NULL,'D2','B2','aleluya-umekuja-ufalme','\0'),(54,1,47,'Wimbo wa Bikira Maria',NULL,'E2','E3','wimbo-wa-bikira-maria','\0'),(55,1,48,'Nitatwaa na kuinua kikombe cha wokovu',NULL,'A1','B2','nitatwaa-na-kuinua-kikombe-cha-wokovu','\0'),(56,1,49,'Wakati Bwana alirejeza',NULL,'B1','B2','wakati-bwana-alirejeza','\0'),(57,1,50,'Wimbo wa Zakaria',NULL,'E2','D3','wimbo-wa-zakaria','\0'),(58,1,51,'Ee mauti, u wapi ushindi wako?',NULL,'A1','G2','ee-mauti-u-wapi-ushindi-wako','\0'),(59,1,52,'Enyi mbingu, dondokeni toka juu',NULL,'E2','D3','enyi-mbingu-dondokeni-toka-juu','\0'),(60,1,53,'Pentekoste',NULL,'A1','C#3','pentekoste','\0'),(61,1,54,'Njoo, Mwana wa Mtu',NULL,'E2','D#3','njoo-mwana-wa-mtu','\0'),(62,1,55,'Abrahamu',NULL,'A1','D3','abrahamu','\0'),(63,1,57,'Mwaliko wa Pasaka',NULL,'D2','E3','mwaliko-wa-pasaka','\0'),(64,1,57,'Msifuni Bwana watu wote wa dunia',NULL,'E2','E3','msifuni-bwana-watu-wote-wa-dunia','\0'),(65,1,59,'Enyi malango inueni vichwa vyenu',NULL,'D2','C#3','enyi-malango-inueni-vichwa-vyenu','\0'),(66,1,62,'Nihurumie, ee Mungu',NULL,'E2','C3','nihurumie-ee-mungu','\0'),(67,1,63,'Nihurumie Bwana, nihurumie',NULL,'D2','C3','nihurumie-bwana-nihurumie','\0'),(68,1,64,'Wimbo wa kujishusha kwake Yesu - Tenzi ya kenosis',NULL,'D#2','D#3','wimbo-wa-kujishusha-kwake-yesu-tenzi-ya-kenosis','\0'),(69,1,66,'Maria, mdogo Maria',NULL,'D2','F#3','maria-mdogo-maria','\0'),(70,1,67,'Nainua macho kwa milima',NULL,'G2','G3','nainua-macho-kwa-milima','\0'),(71,1,68,'Ikiwa leo mwasikia sauti yake',NULL,'E2','E3','ikiwa-leo-mwasikia-sauti-yake','\0'),(72,1,74,'Amen, amen, amen',NULL,'A1','F#3','amen-amen-amen-swahili','\0'),(73,1,76,'Kwa upendo wa ndugu zangu',NULL,'A1','B2','kwa-upendo-wa-ndugu-zangu','\0'),(74,1,77,'Nilingojea, nilingojea Bwana',NULL,'C1','C2','nilingojea-nilingojea-bwana','\0'),(75,1,78,'Nataka kuimba',NULL,'E2','C#3','nataka-kuimba','\0'),(76,1,81,'Imbeni kwa furaha',NULL,'E2','D3','imbeni-kwa-furaha','\0'),(77,1,82,'Niamkapo, nishibishwe kwa sura yako, ee Bwana',NULL,'D2','D3','niamkapo-nishibishwe-kwa-sura-yako-ee-bwana','\0'),(78,1,84,'Sitakufa',NULL,'D2','D3','sitakufa','\0'),(79,1,86,'Waambieni waliovunjika moyo',NULL,'A1','F3','waambieni-waliovunjika-moyo','\0'),(80,1,87,'Ee Mungu, u Mungu wangu',NULL,'E2','E3','ee-mungu-u-mungu-wangu','\0'),(81,1,90,'Mbele ya malaika',NULL,'B1','A2','mbele-ya-malaika','\0'),(82,1,92,'Mwimbie Yahweh, Yerusalemu',NULL,'D2','B2','mwimbie-yahweh-yerusalemu','\0'),(83,1,93,'Nafsi yangu imbariki Bwana (Wimbo wa Tobiti)',NULL,'G1','C3','nafsi-yangu-imbariki-bwana-wimbo-wa-tobiti','\0'),(84,1,94,'Maskani yako yapendeza kama nini',NULL,'G2','G3','maskani-yako-yapendeza-kama-nini','\0'),(85,1,95,'Siku ya pumziko',NULL,'B1','C3','siku-ya-pumziko','\0'),(86,1,102,'Bwana atangaza habari',NULL,'D2','E3','bwana-atangaza-habari','\0'),(87,1,104,'Binti za Yerusalemu (Utenzi wa mazishi)',NULL,'E2','E3','binti-za-yerusalemu-utenzi-wa-mazishi','\0'),(88,1,110,'Mbarikiwa Maria',NULL,'C2','D3','mbarikiwa-maria','\0'),(89,1,110,'Salaam, malkia wa Mbingu',NULL,'G#2','E3','salaam-malkia-wa-mbingu','\0'),(90,1,112,'Maria, nyumba ya baraka',NULL,'B1','D3','maria-nyumba-ya-baraka','\0'),(91,1,113,'Nitamhimidi Bwana kila wakati',NULL,'F2','F3','nitamhimidi-bwana-kila-wakati','\0'),(92,1,117,'Wewe u mzuri',NULL,'B1','G#3','wewe-u-mzuri','\0'),(93,1,123,'Chipukizi latoka shinani mwa Yese',NULL,'G2','E3','chipukizi-latoka-shinani-mwa-yese','\0'),(94,1,128,'Utukufu (Nakuja kukusanya)',NULL,'B1','E3','utukufu-nakuja-kukusanya','\0'),(95,1,129,'Furahini wenye haki katika Bwana',NULL,'D2','E3','furahini-wenye-haki-katika-bwana','\0'),(96,1,134,'Utanijulisha njia ya uzima',NULL,'F2','G3','utanijulisha-njia-ya-uzima','\0'),(97,1,135,'Nendeni kutangazia ndugu zangu',NULL,'A1','E3','nendeni-kutangazia-ndugu-zangu','\0'),(98,1,137,'Ee Bwana, sikiliza sala yangu',NULL,'A2','D3','ee-bwana-sikiliza-sala-yangu','\0'),(99,1,206,'Naona mbingu wazi',NULL,'B1','E3','naona-mbingu-wazi','\0'),(100,1,212,'Mbarikiwa awe Mungu',NULL,'F#1','F#2','mbarikiwa-awe-mungu','\0'),(101,1,217,'Nataka kuenda Yerusalemu',NULL,'D2','G3','nataka-kuenda-yerusalemu','\0'),(102,1,219,'Utenzi wa Msalaba Mtukufu',NULL,'B1','F#3','utenzi-wa-msalaba-mtukufu','\0'),(103,1,263,'Kwa kuwa Mungu',NULL,'C#2','E3','kwa-kuwa-mungu','\0'),(104,1,264,'Kama wahukumiwa kifo',NULL,'G2','E3','kama-wahukumiwa-kifo','\0'),(105,1,267,'Anibusu kwa busu za kinywa chake',NULL,'C#2','E3','anibusu-kwa-busu-za-kinywa-chake','\0'),(106,1,269,'Njoo toka Lebanoni',NULL,'D2','B2','njoo-toka-lebanoni','\0'),(107,1,272,'Kondoo jike wa Mungu',NULL,'G2','D3','kondoo-jike-wa-mungu','\0'),(108,1,274,'Wimbo wa Mwana Kondoo',NULL,'A1','D3','wimbo-wa-mwana-kondoo','\0'),(109,1,275,'Nani huyu apandaye toka jangwa',NULL,'A1','D3','nani-huyu-apandaye-toka-jangwa','\0'),(110,1,279,'Ee Yesu, mpendwa wangu',NULL,'A1','A2','ee-yesu-mpendwa-wangu','\0'),(111,1,280,'Nitwae mbinguni',NULL,'B1','D#3','nitwae-mbinguni','\0'),(112,1,282,'Ishara kuu',NULL,'C2','E3','ishara-kuu','\0'),(113,1,283,'Nanyosha mikono',NULL,'E2','E3','nanyosha-mikono','\0'),(126,1,8,'Sala kuu ya Ekaristi II (1)',NULL,'G1','D3','sala-kuu-ya-ekaristi-ii-1','\0'),(118,1,0,'Get Lucky',NULL,'E2','F#3','get-lucky','\0'),(127,1,24,'Shangilio kwa mshumaa wa Usiku wa Pasaka',NULL,'D2','A2','shangilio-kwa-mshumaa-wa-usiku-wa-pasaka','\0'),(128,1,27,'Sala ya waumini',NULL,'B2','E2','sala-ya-waumini','\0'),(129,1,42,'Msifuni Bwana kutoka Mbinguni',NULL,'C#2','A2','msifuni-bwana-kutoka-mbinguni','\0'),(130,1,70,'Dayenu',NULL,'D2','E3','dayenu-swahili','\0'),(131,1,71,'Tenzi ya Pasaka',NULL,'C2','C3','tenzi-ya-pasaka','\0'),(132,1,71,'Kwa kafara ya Pasaka',NULL,'E1','A#2','kwa-kafara-ya-pasaka','\0'),(133,1,80,'Kama ayala aioneavyo shauku',NULL,'B1','E3','kama-ayala-aioneavyo-shauku','\0'),(134,1,103,'Mbarikini Bwana',NULL,'G1','D3','mbarikini-bwana','\0'),(135,1,109,'Ee Bwana Mungu wetu',NULL,'B1','G3','ee-bwana-mungu-wetu','\0'),(136,1,125,'Ninakuita',NULL,'G2','F#3','ninakuita','\0'),(137,1,221,'Kwenye milima mitakatifu (Mama, Mama, Mji wa Mungu)',NULL,'A1','C3','kwenye-milima-mitakatifu-mama-mama-mji-wa-mungu','\0'),(140,1,222,'Akeda',NULL,'A1','E3','akeda','\0'),(141,1,284,'Homilia ya Pasaka ya Melitoni wa Sardi',NULL,'D2','G3','homilia-ya-pasaka-ya-melitoni-wa-sardi','\0'),(142,1,0,'Zakayo',NULL,'E2','F3','zakayo','\0'),(143,1,0,'Resurrexit',NULL,'A1','D3','resurrexit-swahili','\0'),(144,1,12,'Mbiu ya Pasaka',NULL,'G1','D3','mbiu-ya-pasaka','\0'),(145,2,21,'A la víctima Pascual',NULL,'A1','B2','a-la-victima-pascual',''),(146,2,22,'A nadie demos ocasión de tropiezo',NULL,'E2','E3','a-nadie-demos-ocasion-de-tropiezo',''),(148,2,27,'Abraham',NULL,'A1','D3','abraham',''),(149,2,28,'Aclamad al Señor',NULL,'C2','G3','aclamad-al-señor',''),(150,2,29,'Al despertar',NULL,'E2','E3','al-despertar',''),(151,2,30,'Alabad al Señor en el cielo',NULL,'C#2','A2','alabad-al-señor-en-el-cielo',''),(152,2,32,'Aleluya, alabad al Señor',NULL,'A2','D3','aleluya-alabad-al-señor','\0'),(153,2,33,'Aleluya, bendecid al Señor [sin melisma]',NULL,'G1','D3','aleluya-bendecid-al-señor-sin-melisma','\0'),(154,2,34,'Aleluya, ya llegó el Reino',NULL,'G2','E3','aleluya-ya-llego-el-reino',''),(155,2,35,'Alzaos puertas',NULL,'D2','C#3','alzaos-puertas','\0'),(156,2,37,'Amo al Señor',NULL,'A1','D3','amo-al-señor',''),(157,2,38,'Aquedah',NULL,'A1','E3','aquedah',''),(158,2,40,'Ave María II (1984)',NULL,'F2','E3','ave-maria-ii-1984',''),(159,2,42,'Balaam [sin segunda voz que sube en el estribillo]',NULL,'G1','B2','balaam',''),(326,2,51,'Canto de Moisés',NULL,'F2','G3','canto-de-moises',''),(160,2,43,'Bendeciré al Señor en todo tiempo',NULL,'F2','F3','bendecire-al-señor-en-todo-tiempo',''),(161,2,45,'Bendita eres tú, María',NULL,'C2','D3','bendita-eres-tu-maria',''),(163,2,46,'Bendito eres, Señor',NULL,'E2','D3','bendito-eres-señor',''),(164,2,47,'Benedictus',NULL,'C#2','C3','benedictus',''),(165,2,49,'Cantad al Señor',NULL,'D2','E3','cantad-al-señor',''),(166,2,50,'Cántico de los tres jóvenes',NULL,'D2','C3','cantico-de-los-tres-jovenes',''),(167,2,52,'Caritas Christi urget nos',NULL,'E2','G3','caritas-christi-urget-nos',''),(168,2,53,'Cómo es maravilloso',NULL,'E2','E3','como-es-maravilloso',''),(169,2,54,'Como la cierva',NULL,'B1','E3','como-la-cierva',''),(170,2,56,'Cuando el Señor',NULL,'B1','B2','cuando-el-señor',''),(171,2,58,'Dayenú',NULL,'E2','E3','dayenu',''),(172,2,60,'De profundis [sin melisma]',NULL,'A1','A2','de-profundis',''),(173,2,61,'Decidle a los de corazón cansado',NULL,'A1','F3','decidle-a-los-de-corazon-cansado',''),(174,2,62,'Delante de los ángeles',NULL,'A1','A2','delante-de-los-angeles',''),(175,2,63,'Día de reposo',NULL,'B1','C3','dia-de-reposo',''),(176,2,64,'Dice el Señor a mi Señor',NULL,'E2','E3','dice-el-señor-a-mi-señor',''),(177,2,65,'Dichoso el hombre',NULL,'D2','D3','dichoso-el-hombre',''),(178,2,67,'El pueblo que caminaba en las tinieblas',NULL,'G1','G2','el-pueblo-que-caminaba-en-las-tinieblas',''),(179,2,68,'El Señor anuncia una noticia',NULL,'D2','E3','el-señor-anuncia-una-noticia',''),(180,2,69,'El Señor es mi pastor',NULL,'G#1','D3','el-señor-es-mi-pastor',''),(181,2,70,'Elí, Elí, lamá sabactaní',NULL,'F#2','F#3','eli-eli-lama-sabactani',''),(182,2,71,'En medio de aquel gentío',NULL,'E2','D3','en-medio-de-aquel-gentio',''),(183,2,72,'Eres hermoso',NULL,'B1','G#3','eres-hermoso',''),(184,2,74,'Están rotas mis ataduras',NULL,'E2','F#3','estan-rotas-mis-ataduras','\0'),(185,2,75,'Este es el día en que actuó el Señor',NULL,'E2','G3','este-es-el-dia-en-que-actuo-el-señor',''),(186,2,76,'Este es el mandamiento mío',NULL,'A1','E3','este-es-el-mandamiento-mio',''),(188,2,77,'Evenu Shalom Alehem',NULL,'A1','D3','evenu-shalom-alehem',''),(189,2,78,'Exultad, justos, en el Señor',NULL,'D2','E3','exultad-justos-en-el-señor',''),(190,2,80,'Gracias a Yahveh',NULL,'D2','F#3','gracias-a-yahveh',''),(191,2,81,'Gritad jubilosos',NULL,'D2','D3','gritad-jubilosos',''),(192,2,82,'Hacia ti, morada santa',NULL,'E2','E3','hacia-ti-morada-santa',''),(193,2,84,'He aquí que vengo presto',NULL,'E2','F#3','he-aqui-que-vengo-presto','\0'),(194,2,85,'He esperado en el Señor',NULL,'C2','B2','he-esperado-en-el-señor',''),(195,2,86,'Hijas de Jerusalén',NULL,'E2','E3','hijas-de-jerusalen',''),(196,2,87,'Himno a Cristo Luz',NULL,'D2','E3','himno-a-cristo-luz',''),(197,2,88,'Himno a la Kenosis',NULL,'D2','D#3','himno-a-la-kenosis',''),(198,2,91,'Himno de Pascua',NULL,'A1','A2','himno-de-pascua',''),(199,2,92,'Id y anunciad a mis hermanos',NULL,'A1','E3','id-y-anunciad-a-mis-hermanos',''),(200,2,93,'Improperios',NULL,'B1','F#3','improperios',''),(201,2,94,'Jerusalén reconstruida',NULL,'D2','G3','jerusalen-reconstruida',''),(202,2,95,'La marcha es dura',NULL,'B1','B2','la-marcha-es-dura',''),(203,2,97,'La siega de las naciones',NULL,'C#2','D3','la-siega-de-las-naciones',''),(204,2,98,'Levanto mis ojos a los montes',NULL,'G2','G3','levanto-mis-ojos-a-los-montes',''),(205,2,99,'Llegue hasta tu presencia mi clamor',NULL,'D2','B2','llegue-hasta-tu-presencia-mi-clamor',''),(206,2,100,'Llévame al cielo',NULL,'B1','G#3','llevame-al-cielo',''),(207,2,101,'Magníficat',NULL,'E2','E3','magnificat','\0'),(208,2,102,'María, casa de bendición',NULL,'E2','G3','maria-casa-de-bendicion',''),(209,2,103,'María de Jasna Göra',NULL,'E2','A3','maria-de-jasna-gora','\0'),(210,2,105,'María, madre del camino ardiente',NULL,'C2','D3','maria-madre-del-camino-ardiente',''),(211,2,106,'María, pequeña María',NULL,'D2','F#3','maria-pequeña-maria',''),(212,2,107,'Me enseñarás el camino de la vida',NULL,'F2','G3','me-enseñaras-el-camino-de-la-vida',''),(213,2,109,'Mirad qué estupendo',NULL,'A1','C3','mirad-que-estupendo',''),(214,2,110,'Misericordia mía, misericordia',NULL,'C2','A#2','misericordia-mia-misericordia',''),(215,2,115,'Oh Dios, tú eres mi Dios',NULL,'E2','E3','oh-dios-tu-eres-mi-dios',''),(216,2,116,'Oh Jesús, amor mío [estrofa por abajo]',NULL,'B1','E3','oh-jesus-amor-mio',''),(217,2,117,'Oh muerte, ¿dónde está tu victoria?',NULL,'A1','G2','oh-muerte-donde-esta-tu-victoria','\0'),(218,2,118,'Oh Señor, nuestro Dios',NULL,'B1','G3','oh-señor-nuestro-dios',''),(219,2,119,'Os tomaré de entre las naciones',NULL,'F2','E3','os-tomare-de-entre-las-naciones',''),(220,2,120,'Paloma incorrupta',NULL,'C#2','C#3','paloma-incorrupta','\0'),(221,2,121,'Pentecostés',NULL,'A1','C#3','pentecostes',''),(222,2,122,'Por el amor de mis amigos',NULL,'A1','B2','por-el-amor-de-mis-amigos',''),(223,2,123,'Por qué esta noche es diferente',NULL,'E1','G3','por-que-esta-noche-es-diferente',''),(224,2,125,'Porque mi yugo es suave',NULL,'A1','C3','porque-mi-yugo-es-suave',''),(225,2,126,'Qué amables son tus moradas',NULL,'G1','G2','que-amables-son-tus-moradas',''),(226,2,127,'Qué estupendo, qué alegría',NULL,'E2','F3','que-estupendo-que-alegria',''),(227,2,128,'Quién nos separará',NULL,'D2','D3','quien-nos-separara',''),(228,2,129,'Quiero cantar',NULL,'E2','C#3','quiero-cantar',''),(229,2,130,'Resucitó',NULL,'E2','D3','resucito',''),(230,2,131,'Resurrexit',NULL,'A1','D3','resurrexit',''),(231,2,132,'Salve, Reina de los cielos',NULL,'G2','E3','salve-reina-de-los-cielos',''),(232,2,133,'Se encontraron dos ángeles',NULL,'A1','F2','se-encontraron-dos-angeles',''),(233,2,136,'Señor, ayúdame a no dudar de ti',NULL,'E2','E3','señor-ayudame-a-no-dudar-de-ti',''),(234,2,137,'Señor, no me corrijas en tu cólera',NULL,'C#2','G3','señor-no-me-corrijas-en-tu-colera','\0'),(235,2,138,'Shlom-lej Mariam',NULL,'B1','F#3','shlom-lej-mariam',''),(236,2,139,'Si el Señor no construye la casa',NULL,'G#2','G#3','si-el-señor-no-construye-la-casa',''),(237,2,141,'Si hoy escucháis su voz',NULL,'C#2','E3','si-hoy-escuchais-su-voz',''),(238,2,143,'Sión, madre de todos los pueblos',NULL,'A1','C3','sion-madre-de-todos-los-pueblos',''),(239,2,144,'Sola a solo',NULL,'F2','F3','sola-a-solo',''),(240,2,145,'Stabat mater dolorosa',NULL,'E2','G3','stabat-mater-dolorosa',''),(241,2,148,'Te he manifestado mi pecado',NULL,'E2','D3','te-he-manifestado-mi-pecado',''),(242,2,149,'Tú que eres fiel',NULL,'A2','D#3','tu-que-eres-fiel','\0'),(243,2,150,'Un retoño brota del tronco de Jesé',NULL,'G2','E3','un-retoño-brota-del-tronco-de-jese',''),(244,2,151,'Una gran señal',NULL,'A1','G3','una-gran-señal',''),(245,2,152,'Urí, urí, urí, urá',NULL,'A2','F3','uri-uri-uri-ura',''),(246,2,153,'Vamos ya, pastores',NULL,'E2','B2','vamos-ya-pastores',''),(247,2,154,'Ven, Espíritu Santo',NULL,'A2','G3','ven-espiritu-santo',''),(248,2,156,'Veni creator',NULL,'G2','E3','veni-creator',''),(249,2,157,'Viene el Señor',NULL,'E2','C3','viene-el-señor',''),(250,2,158,'Virgen de la maravilla',NULL,'C#2','E3','virgen-de-la-maravilla',''),(251,2,159,'Vivid alegres',NULL,'A2','G3','vivid-alegres',''),(253,2,160,'Vosotros sois la luz del mundo',NULL,'E2','A3','vosotros-sois-la-luz-del-mundo',''),(254,2,161,'Ya viene mi DIos',NULL,'E2','C3','ya-viene-mi-dios',''),(255,2,162,'Yavheh, tú eres mi Dios',NULL,'D2','D3','yavheh-tu-eres-mi-dios',''),(256,2,163,'Yo te amo, Señor',NULL,'F#2','G3','yo-te-amo-señor',''),(257,2,164,'Yo vengo a reunir',NULL,'B1','E3','yo-vengo-a-reunir',''),(258,2,165,'Zaqueo',NULL,'E2','F3','zaqueo',''),(259,2,167,'Aleluya interleccional (I)',NULL,'D2','E3','aleluya-interleccional-i',''),(260,2,167,'Aleluya interleccional (II)',NULL,'G2','E3','aleluya-interleccional-ii',''),(261,2,167,'Aleluya interleccional (III)',NULL,'D2','B2','aleluya-interleccional-iii',''),(262,2,168,'Aleluya pascual',NULL,'E2','A3','aleluya-pascual',''),(263,2,169,'Antífona - versículo antes del Evangelio (I)',NULL,'D2','E3','antifona-versiculo-antes-del-evangelio-i',''),(264,2,169,'Antífona - versículo antes del Evangelio (II)',NULL,'D2','E3','antifona-versiculo-antes-del-evangelio-ii',''),(265,2,170,'Bendición del agua',NULL,'E2','G3','bendicion-del-agua',''),(266,2,172,'Bendición penitencial',NULL,'A1','D3','bendicion-penitencial','\0'),(267,2,173,'Cordero de Dios',NULL,'B1','A2','cordero-de-dios',''),(268,2,174,'Credo',NULL,'C2','F3','credo',''),(269,2,175,'Gloria a Dios en lo alto del cielo',NULL,'D2','E3','gloria-a-dios-en-lo-alto-del-cielo',''),(270,2,176,'Letanías de los santos',NULL,'D2','B2','letanias-de-los-santos',''),(271,2,178,'Letanías penitenciales I',NULL,'E2','D3','letanias-penitenciales-i',''),(272,2,179,'Letanías penitenciales II',NULL,'E2','D3','letanias-penitenciales-ii',''),(273,2,182,'Plegaria Eucarística II - Modelo I (1ª parte)',NULL,'G1','D3','plegaria-eucaristica-ii-modelo-i-1a-parte','\0'),(274,2,183,'Plegaria Eucarística II - Modelo I (2ª parte)',NULL,'A1','E3','plegaria-eucaristica-ii-modelo-i-2a-parte','\0'),(275,2,183,'Plegaria Eucarística II - Modelo I (3ª parte)',NULL,'D2','E3','plegaria-eucaristica-ii-modelo-i-3a-parte',''),(276,2,184,'Plegaria Eucarística II - Modelo I (doxología alternativa)',NULL,'D2','B2','plegaria-eucaristica-ii-modelo-i-doxologia-alternativa',''),(277,2,193,'Prefacio para el Tiempo Pascual',NULL,'A1','D3','prefacio-para-el-tiempo-pascual','\0'),(278,2,194,'Pregón Pascual',NULL,'G1','D3','pregon-pascual',''),(279,2,196,'Salmodia para el Salmo Responsorial',NULL,'B1','D3','salmodia-para-el-salmo-responsorial',''),(280,2,197,'Salmodia para las oraciones universales',NULL,'E2','D3','salmodia-para-las-oraciones-universales',''),(281,2,198,'Santo Palomeras 65 (Adviento-Navidad)',NULL,'F2','F#3','santo-palomeras-65-adviento-navidad',''),(282,2,199,'Santo Hebreo (Cuaresma)',NULL,'A1','A#2','santo-hebreo-cuaresma',''),(283,2,200,'Santo Palestina 74 (Tiempo Pascual)',NULL,'D2','G3','santo-palestina-74-tiempo-pascual',''),(284,2,201,'Santo Roma 77 (Tiempo Ordinario)',NULL,'G1','B2','santo-roma-77-tiempo-ordinario',''),(285,2,202,'Santo 1982 (Tiempo Ordinario)',NULL,'A1','G3','santo-1982-tiempo-ordinario',''),(286,2,202,'Santo 1988 (Tiempo Ordinario)',NULL,'E2','D3','santo-1988-tiempo-ordinario',''),(287,2,204,'Te Deum',NULL,'A1','C#3','te-deum',''),(288,2,206,'Bendito sea Dios',NULL,'A2','F#3','bendito-sea-dios',''),(289,2,207,'Como el impulso que siente la ira',NULL,'G1','B2','como-el-impulso-que-siente-la-ira',''),(290,2,208,'Consolad a mi pueblo',NULL,'B1','D3','consolad-a-mi-pueblo',''),(291,2,211,'El lagarero',NULL,'E2','F#3','el-lagarero',''),(292,2,212,'El mismo Dios',NULL,'C#2','E3','el-mismo-dios',''),(293,2,213,'El sembrador',NULL,'A1','D3','el-sembrador',''),(294,2,214,'El Señor me ha dado',NULL,'B1','C#3','el-señor-me-ha-dado',''),(295,2,215,'Eres digno de tomar el libro',NULL,'A1','D3','eres-digno-de-tomar-el-libro',''),(296,2,217,'He aquí mi siervo',NULL,'A1','A2','he-aqui-mi-siervo',''),(297,2,219,'Himno a la Cruz gloriosa',NULL,'B1','F#3','himno-a-la-cruz-gloriosa',''),(298,2,220,'Jacob',NULL,'F2','E3','jacob',''),(299,2,222,'Ninguno puede servir a dos señores',NULL,'A1','G2','ninguno-puede-servir-a-dos-señores',''),(300,2,225,'Oh Señor, mi corazón ya no es ambicioso',NULL,'E2','C3','oh-señor-mi-corazon-ya-no-es-ambicioso',''),(301,2,227,'Shemá Israel',NULL,'A1','D3','shema-israel',''),(302,2,229,'Tú has cubierto de vergüenza la muerte',NULL,'D2','G3','tu-has-cubierto-de-verguenza-la-muerte',''),(303,2,237,'Cuando dormía',NULL,'G#1','E3','cuando-dormia',''),(304,2,238,'El Espíritu del Señor está sobre mí',NULL,'E2','D3','el-espiritu-del-señor-esta-sobre-mi',''),(305,2,239,'El jacal de los pastores',NULL,'C#2','E3','el-jacal-de-los-pastores',''),(306,2,240,'En una noche oscura',NULL,'B1','D3','en-una-noche-oscura',''),(307,2,241,'Extiendo mis manos',NULL,'E2','E3','extiendo-mis-manos',''),(308,2,243,'Himno a la Caridad',NULL,'G1','E2','himno-a-la-caridad',''),(309,2,244,'Huye, amado mío',NULL,'E2','F3','huye-amado-mio',''),(310,2,245,'Jesús recorría todas las ciudades',NULL,'C2','F3','jesus-recorria-todas-las-ciudades',''),(311,2,249,'Me robaste el corazón',NULL,'F2','F3','me-robaste-el-corazon',''),(312,2,251,'Noli me tangere',NULL,'E2','F3','noli-me-tangere',''),(313,2,252,'Quién es esta que sube del desierto',NULL,'A1','D3','quien-es-esta-que-sube-del-desierto',''),(314,2,253,'Quiero andar',NULL,'D2','G3','quiero-andar',''),(317,2,254,'Sermón de la montaña',NULL,'B1','D3','sermon-de-la-montaña','\0'),(318,2,257,'Ven del Líbano',NULL,'D2','B2','ven-del-libano',''),(319,1,0,'Sura Yako',NULL,'F2','A3','sura-yako','\0'),(327,2,23,'A ti levanto mis ojos (voz hombres+mujeres)',NULL,'A1','F3','a-ti-levanto-mis-ojos-voz-hombres+mujeres','\0'),(328,2,26,'A ti, Señor, se debe la alabanza en Sion',NULL,'G1','C3','a-ti-señor-se-debe-la-alabanza-en-sion','\0'),(329,2,39,'Ave María I',NULL,'D2','E3','ave-maria-i','\0'),(330,2,41,'Babilonia criminal',NULL,'D#2','F#3','babilonia-criminal','\0'),(331,2,55,'Cristo es la Luz',NULL,'G2','E3','cristo-es-la-luz','\0'),(332,2,66,'El necio piensa que Dios no existe',NULL,'D2','E3','el-necio-piensa-que-dios-no-existe','\0'),(333,2,73,'Escóndeme en lo oculto de tu tienda',NULL,'G1','G2','escondeme-en-lo-oculto-de-tu-tienda','\0'),(334,2,79,'Felicidad para el hombre',NULL,'A1','F3','felicidad-para-el-hombre','\0'),(335,2,83,'Hasta cuándo',NULL,'A1','G#2','hasta-cuando','\0'),(336,2,89,'Himno de Adviento',NULL,'D2','D3','himno-de-adviento','\0'),(337,2,90,'Himno de la Ascensión',NULL,'G2','E3','himno-de-la-ascension','\0'),(338,2,96,'La Salve',NULL,'E2','F3','la-salve','\0'),(339,2,104,'María, madre de la Iglesia',NULL,'B1','G3','maria-madre-de-la-iglesia','\0'),(340,2,108,'Me has seducido, Señor',NULL,'B1','F3','me-has-seducido-señor','\0'),(341,2,111,'Mucho me han perseguido',NULL,'A1','D3','mucho-me-han-perseguido','\0'),(342,2,112,'No está aquí, resucitó',NULL,'G1','D#3','no-esta-aqui-resucito','\0'),(343,2,142,'Si me he refugiado en el Señor',NULL,'E2','G3','si-me-he-refugiado-en-el-señor','\0'),(344,2,147,'Te estoy llamando, Señor',NULL,'D2','E3','te-estoy-llamando-señor','\0'),(345,2,155,'Ven, hijo del hombre',NULL,'E2','D#3','ven-hijo-del-hombre','\0'),(346,2,181,'Padre Nuestro',NULL,'D2','D3','padre-nuestro','\0'),(347,2,203,'Santo 1988',NULL,'E2','D3','santo-1988','\0'),(348,2,205,'Así habla el Amén',NULL,'D2','D3','asi-habla-el-amen','\0'),(349,2,209,'Débora',NULL,'C2','D3','debora','\0'),(350,2,210,'El combate escatológico',NULL,'B1','E3','el-combate-escatologico','\0'),(351,2,216,'Escuchad islas lejanas [sin subir una octava en el estribillo]',NULL,'G1','C#3','escuchad-islas-lejanas-sin-subir-una-octava-en-el-estribillo','\0'),(352,2,218,'He aquí que nuestro espejo es el Señor',NULL,'A#1','D3','he-aqui-que-nuestro-espejo-es-el-señor','\0'),(353,2,221,'Las armas de la Luz',NULL,'A1','D3','las-armas-de-la-luz','\0'),(354,2,226,'Señor, Tú me escrutas y conoces',NULL,'A1','D3','señor-tu-me-escrutas-y-conoces','\0'),(355,2,228,'Siéntate solitario y silencioso',NULL,'B1','F#3','sientate-solitario-y-silencioso','\0'),(356,2,231,'A la cena del Cordero',NULL,'G2','F3','a-la-cena-del-cordero','\0'),(357,2,232,'Abbá Padre',NULL,'E2','F3','abba-padre','\0'),(358,2,235,'Como destila la miel',NULL,'E1','E3','como-destila-la-miel','\0'),(359,2,236,'Como lirio entre los cardos',NULL,'G1','D3','como-lirio-entre-los-cardos','\0'),(360,2,242,'Hermosa eres, amiga mía',NULL,'A1','D3','hermosa-eres-amiga-mia','\0'),(361,2,246,'La Cordera de Dios',NULL,'E2','D3','la-cordera-de-dios','\0'),(362,2,247,'La paloma voló',NULL,'A1','F#3','la-paloma-volo','\0'),(364,2,248,'La voz de mi amado',NULL,'F1','C3','la-voz-de-mi-amado','\0'),(365,2,256,'Tú eres mi esperanza, Señor',NULL,'A1','F3','tu-eres-mi-esperanza-señor','\0'),(366,2,114,'Oh Dios, por tu nombre sálvame',NULL,'E2','G3','oh-dios-por-tu-nombre-salvame','\0'),(367,1,188,'Plegaria Eucarística IV',NULL,'G1','A2','plegaria-eucaristica-iv','\0');
/*!40000 ALTER TABLE `song` ENABLE KEYS */;
UNLOCK TABLES;

--
-- Table structure for table `song_chord`
--

DROP TABLE IF EXISTS `song_chord`;
/*!40101 SET @saved_cs_client     = @@character_set_client */;
/*!40101 SET character_set_client = utf8 */;
CREATE TABLE `song_chord` (
  `id_song` int(10) unsigned NOT NULL,
  `chord` char(6) CHARACTER SET ascii COLLATE ascii_bin NOT NULL,
  `position` int(10) unsigned NOT NULL,
  UNIQUE KEY `id_song_chord` (`id_song`,`chord`)
) ENGINE=MyISAM DEFAULT CHARSET=utf8;
/*!40101 SET character_set_client = @saved_cs_client */;

--
-- Dumping data for table `song_chord`
--

LOCK TABLES `song_chord` WRITE;
/*!40000 ALTER TABLE `song_chord` DISABLE KEYS */;
INSERT INTO `song_chord` VALUES (126,'Am',1),(126,'E7',4),(126,'F',2),(126,'E',3),(125,'G7',2),(126,'G',0),(125,'G',4),(125,'F',3),(125,'Am',1),(125,'C',0),(124,'Gm',1),(123,'F',2),(123,'E',3),(124,'Dm',0),(123,'E7',4),(120,'Em',0),(119,'Em',0),(119,'B7',2),(119,'Am',1),(122,'E',1),(120,'C',3),(120,'B7',2),(122,'E7',2),(122,'Am',0),(120,'Am',1),(123,'G',1),(123,'Am',0),(122,'F',5),(122,'A7',3),(122,'Dm',4),(119,'C',3),(26,'F',3),(26,'G',2),(26,'Am',1),(26,'C',0),(27,'C',0),(27,'Am',1),(27,'G7',2),(27,'G',3),(27,'F',4),(27,'E',5),(28,'Am',0),(28,'E',1),(28,'Dm',2),(28,'F',3),(29,'Am',0),(29,'E',1),(29,'Dm',2),(30,'D',0),(30,'A',1),(30,'G',2),(30,'F#m',3),(30,'Em',4),(31,'Em',0),(31,'G',1),(31,'Am',2),(32,'Am',0),(32,'G',1),(32,'F',2),(32,'E',3),(33,'A',0),(33,'E',1),(33,'F',2),(33,'Am',3),(33,'E7',4),(34,'Dm',0),(34,'Gm',1),(34,'A',2),(34,'A7',3),(35,'Am',0),(35,'G',1),(35,'F',2),(35,'E',3),(35,'Dm',4),(36,'Am',0),(36,'G',1),(36,'F',2),(36,'E7',3),(37,'E',0),(37,'A',1),(38,'Em',0),(38,'B7',1),(38,'Am',2),(38,'C',3),(39,'D',0),(39,'A',1),(40,'D',0),(40,'G',1),(40,'A7',2),(40,'Bm',3),(40,'A',4),(41,'Em',0),(41,'D',1),(41,'Am',2),(42,'Am',0),(42,'G',1),(42,'F',2),(42,'E',3),(43,'Am',0),(43,'E',1),(43,'E7',2),(43,'G',3),(43,'F',4),(44,'Em',0),(44,'E7',1),(44,'F',2),(44,'G',3),(45,'Em',0),(45,'Am',1),(45,'B7',2),(45,'C',3),(45,'D',4),(45,'G',5),(45,'Bm',6),(46,'Am',0),(46,'Dm',1),(46,'E',2),(46,'F',3),(46,'G',4),(47,'Em',0),(47,'C',1),(47,'B7',2),(48,'Em',0),(48,'D',1),(48,'Am',2),(48,'B7',3),(48,'C',4),(48,'G',5),(48,'Bm',6),(49,'G',0),(49,'F#m',1),(49,'E',2),(49,'A',3),(49,'B',4),(49,'Em',5),(49,'D',6),(49,'C',7),(49,'B7',8),(50,'Em',0),(50,'E7',1),(51,'E',0),(51,'A',1),(51,'D',2),(52,'Dm',0),(52,'Gm',1),(52,'A',2),(52,'A7',3),(53,'G',0),(53,'B7',1),(53,'Em',2),(53,'D7',3),(54,'D',0),(54,'E',1),(54,'A',2),(54,'A7',3),(55,'D',0),(55,'F#m',1),(55,'D7',2),(55,'Em',3),(55,'G',4),(55,'A',5),(55,'Bm',6),(55,'E7',7),(56,'D',0),(56,'Em',1),(56,'D7',2),(56,'G',3),(56,'A',4),(57,'Em',0),(57,'Am',1),(57,'B7',2),(58,'Dm',0),(58,'Am',1),(58,'D7',2),(58,'G',3),(58,'Bm',4),(58,'C',5),(58,'F#',6),(58,'D',7),(59,'Am',0),(59,'F',1),(59,'G',2),(59,'E',3),(60,'Dm',0),(60,'F',1),(60,'A#',2),(60,'A7',3),(60,'C',4),(60,'A',5),(60,'G',6),(61,'Em',0),(61,'Am',1),(61,'B7',2),(61,'C',3),(62,'Am',0),(62,'Dm',1),(62,'E',2),(62,'G',3),(62,'F',4),(63,'G',0),(63,'D',1),(63,'C',2),(63,'D7',3),(63,'Bm',4),(63,'Em',5),(64,'G',0),(64,'Am',1),(64,'C',2),(64,'B7',3),(65,'E',0),(65,'G',1),(65,'A',2),(65,'B',3),(65,'Em',4),(65,'Am',5),(65,'Bm',6),(66,'Em',0),(66,'Am',1),(67,'Em',0),(67,'D',1),(67,'Am',2),(68,'Em',0),(68,'B7',1),(68,'G',2),(68,'Am',3),(68,'D',4),(68,'C',5),(69,'D',0),(69,'F#m',1),(69,'G',2),(69,'Em',3),(69,'Em6',4),(69,'A7',5),(69,'A',6),(70,'G',0),(70,'Bm',1),(70,'C',2),(70,'D',3),(71,'E',0),(71,'F#m',1),(71,'B7',2),(71,'C#m',3),(71,'G#',4),(72,'A',0),(72,'F#m',1),(72,'E',2),(72,'D',3),(72,'C#m',4),(73,'Em',0),(73,'Am',1),(73,'B7',2),(74,'Am',0),(74,'Em',1),(74,'F',2),(74,'E',3),(75,'D',0),(75,'F#m',1),(75,'G',2),(75,'A',3),(75,'Em',4),(76,'Am',0),(76,'G',1),(76,'F',2),(76,'E',3),(77,'Am',0),(77,'F',1),(77,'Dm',2),(77,'E',3),(78,'Em',0),(78,'C',1),(78,'B7',2),(78,'G',3),(79,'Am',0),(79,'Dm',1),(79,'F',2),(79,'E',3),(79,'C',4),(79,'Em',5),(80,'Am',0),(80,'Dm',1),(80,'F',2),(80,'E',3),(81,'C',0),(81,'E',1),(81,'Dm9',2),(81,'G',3),(81,'F',4),(82,'Em',0),(82,'A',1),(82,'Am',2),(82,'D',3),(82,'Bm',4),(83,'Am',0),(83,'G',1),(84,'C',0),(84,'Em',1),(84,'Am',2),(84,'F',3),(84,'G',4),(85,'Em',0),(85,'Am',1),(86,'G',0),(86,'Em',1),(86,'Am',2),(86,'Bm',3),(86,'A',4),(87,'Am',0),(87,'F',1),(87,'G',2),(87,'E',3),(88,'Am',0),(88,'G',1),(88,'F',2),(88,'E',3),(88,'Dm',4),(89,'Am',0),(89,'G',1),(89,'F',2),(89,'E',3),(89,'E7',4),(90,'Am',0),(90,'Dm',1),(90,'E',2),(90,'F',3),(90,'G',4),(91,'Dm',0),(91,'C',1),(91,'A',2),(91,'A#',3),(92,'E',0),(92,'C#m',1),(92,'G#',2),(92,'A',3),(92,'F#m',4),(92,'B',5),(93,'G',0),(93,'Em',1),(93,'C',2),(93,'D',3),(93,'B7',4),(93,'Am',5),(94,'E',0),(94,'A',1),(94,'F#',2),(94,'B7',3),(94,'C#m',4),(94,'G#',5),(95,'G',0),(95,'Em',1),(95,'C',2),(95,'Am',3),(95,'B7',4),(95,'D',5),(96,'Am',0),(96,'F',1),(96,'Dm',2),(96,'E',3),(97,'Am',0),(97,'G',1),(97,'E7',2),(97,'Dm',3),(97,'F',4),(97,'C',5),(98,'C',0),(98,'D',1),(98,'Cm',2),(98,'Gm',3),(98,'D7',4),(99,'E',0),(99,'F',1),(99,'G',2),(99,'C',3),(99,'Am',4),(100,'D',0),(100,'Em',1),(100,'A7',2),(100,'F#',3),(100,'Bm',4),(100,'A',5),(100,'G',6),(101,'E',0),(101,'Am',1),(101,'Dm',2),(101,'F',3),(102,'E',0),(102,'G#',1),(102,'C#m',2),(102,'F#m',3),(102,'B7',4),(103,'D',0),(103,'F#',1),(103,'Bm',2),(103,'A',3),(103,'G',4),(104,'Am',0),(104,'G',1),(104,'F',2),(104,'E',3),(105,'Dm',0),(105,'A#',1),(105,'A',2),(105,'A7',3),(106,'Em',0),(106,'D',1),(106,'G',2),(106,'A',3),(106,'Am',4),(106,'C',5),(107,'Em',0),(107,'Am',1),(107,'C',2),(107,'B7',3),(108,'Dm',0),(108,'Gm',1),(108,'A7',2),(108,'F',3),(108,'Am',4),(109,'Am',0),(109,'F',1),(109,'E',2),(109,'G',3),(110,'Am',0),(110,'F',1),(110,'E',2),(110,'G',3),(111,'E',0),(111,'C#m',1),(111,'G#',2),(111,'A',3),(111,'B7',4),(112,'Am',0),(112,'G',1),(112,'F',2),(112,'E',3),(113,'D',0),(113,'Bm',1),(113,'G',2),(113,'E',3),(113,'A',4),(113,'F#',5),(118,'D',1),(118,'F#m',2),(118,'E',3),(126,'C',5),(118,'Bm',0),(127,'D',0),(127,'G',1),(127,'A7',2),(128,'G',0),(128,'Bm',1),(128,'Am',2),(128,'Em',3),(128,'B7',4),(129,'A',0),(129,'Fm',1),(130,'Em',0),(130,'Am',1),(130,'D',2),(130,'C',3),(130,'B7',4),(131,'Cm',0),(131,'G7',1),(131,'Fm',2),(132,'Am',0),(132,'A7',1),(132,'Dm',2),(132,'F7M',3),(132,'E',4),(132,'F',5),(133,'E',0),(133,'F#m',1),(133,'B7',2),(133,'G#',3),(133,'C#m',4),(133,'A',5),(133,'B',6),(326,'C7',0),(134,'A',0),(134,'A#',1),(134,'Dm',2),(135,'Em',0),(135,'G',1),(135,'B7',2),(135,'Am',3),(135,'C',4),(136,'Em',0),(136,'B7',1),(136,'Am',2),(136,'D',3),(136,'G',4),(136,'C',5),(137,'Am',0),(137,'F',1),(137,'E',2),(137,'B7',3),(137,'Dm',4),(137,'G',5),(140,'Am',0),(140,'Dm9',1),(140,'E',2),(141,'Dm',0),(141,'A7',1),(141,'A#',2),(142,'Am',0),(142,'G',1),(142,'F',2),(142,'E',3),(142,'Dm',4),(143,'Am',0),(143,'E7',1),(143,'F',2),(143,'Dm',3),(143,'E',4),(144,'Am',0),(144,'G',1),(144,'C',2),(144,'F',3),(144,'E',4),(144,'E7',5),(145,'Am',0),(145,'A7',1),(145,'Dm9',2),(145,'F7M',3),(145,'E',4),(146,'Am',0),(146,'Dm',1),(146,'E',2),(146,'F',3),(146,'A7',4),(148,'Am',0),(148,'Dm',1),(148,'E',2),(148,'G',3),(148,'F',4),(149,'Dm',0),(149,'Gm',1),(149,'F',2),(149,'G',3),(149,'A',4),(149,'A7',5),(150,'Bm',0),(150,'G',1),(150,'Em',2),(150,'F#',3),(151,'A',0),(151,'F#m',1),(152,'E',0),(152,'A',1),(152,'D',2),(153,'A',0),(153,'A#',1),(153,'Dm',2),(153,'A7',3),(154,'C',0),(154,'E',1),(154,'Am',2),(155,'E',0),(155,'G',1),(155,'A',2),(155,'B7',3),(155,'Em',4),(155,'Am',5),(155,'Bm',6),(155,'B',7),(156,'D',0),(156,'F#m',1),(156,'G',2),(156,'Em6',3),(156,'A7',4),(157,'Am',0),(157,'Dm9',1),(157,'E',2),(157,'E7',3),(158,'C',0),(158,'E',1),(158,'F',2),(159,'Em',0),(159,'D',1),(159,'G',2),(159,'Bm',3),(160,'Dm',0),(160,'C',1),(160,'A',2),(160,'A#',3),(160,'A7',4),(161,'Am',0),(161,'G',1),(161,'F',2),(161,'E',3),(161,'Dm',4),(163,'G',0),(163,'F#m',1),(163,'E',2),(163,'A',4),(163,'B',5),(163,'Em',6),(163,'D',7),(163,'C',8),(163,'B7',9),(164,'Dm',0),(164,'Gm',1),(164,'A7',2),(165,'G',0),(165,'Am',1),(165,'C',2),(165,'B7',3),(166,'Am',0),(166,'E7',1),(167,'Am',0),(167,'C',1),(167,'E',2),(167,'F',3),(167,'Dm',4),(167,'Dm9',5),(167,'G',6),(167,'A7',7),(168,'Em',0),(168,'Am',1),(168,'B7',2),(168,'C',3),(168,'D7',4),(168,'G',5),(168,'Bm',6),(169,'E',0),(169,'F#m',1),(169,'B7',2),(169,'G#',3),(169,'C#m',4),(169,'C#7',5),(169,'A',6),(169,'B',7),(169,'A#',8),(170,'D',0),(170,'Em',1),(170,'D7',2),(170,'G',3),(170,'A',4),(171,'Em',0),(171,'Am',1),(171,'D',2),(171,'C',3),(171,'B7',4),(172,'Am',0),(172,'F7',1),(172,'E',2),(172,'F',3),(172,'E7',4),(172,'G',5),(173,'Am',0),(173,'Dm9',1),(173,'F',2),(173,'E',3),(173,'C',4),(173,'Em',5),(174,'C',0),(174,'E',1),(174,'Dm9',2),(174,'G',3),(174,'F',4),(175,'Em',0),(175,'Am',1),(176,'E',0),(176,'G#',1),(176,'A',2),(176,'B7',3),(176,'C#m',4),(176,'B',5),(177,'Am',0),(177,'F',1),(177,'G',2),(177,'E',3),(178,'C',0),(178,'Am',1),(178,'F',2),(178,'G',3),(178,'G#',4),(179,'G',0),(179,'Em',1),(179,'Am',2),(179,'Bm',3),(179,'A',4),(180,'Am',0),(180,'F',1),(180,'E',2),(180,'G',3),(181,'Em',0),(181,'E7',1),(181,'Am',2),(181,'B7',3),(182,'Am',0),(182,'G',1),(182,'E',2),(182,'F',3),(183,'E',0),(183,'C#m',1),(183,'G#',2),(183,'A',3),(183,'F#m',4),(183,'B',5),(184,'Am',0),(184,'E',1),(184,'F',2),(184,'Dm',3),(184,'Em',4),(184,'G',5),(184,'B',6),(184,'D',7),(184,'A',8),(184,'F#',9),(184,'Bm',10),(185,'Am',0),(185,'F',1),(185,'E',2),(185,'C',3),(186,'Am',0),(186,'C',1),(186,'E',2),(186,'F',3),(186,'A7',4),(186,'G',5),(186,'Dm',6),(188,'Dm',0),(188,'Gm',1),(188,'A7',2),(188,'A',3),(189,'G',0),(189,'Em',1),(189,'C',2),(189,'Am',3),(189,'B7',4),(189,'D',5),(190,'Em',0),(190,'D',1),(190,'Am',2),(190,'B7',3),(190,'C',4),(190,'D7',5),(190,'G',6),(190,'Bm',7),(191,'Am',0),(191,'G',1),(191,'F',2),(191,'E',3),(192,'Am',0),(192,'E',1),(192,'G',2),(192,'F',3),(193,'D',0),(193,'A',1),(193,'E7',2),(193,'A7',3),(193,'F#',4),(193,'Bm',5),(194,'Am',0),(194,'Em',1),(194,'F',2),(194,'E7',3),(195,'Am',0),(195,'F',1),(195,'G',2),(195,'E',3),(196,'Em',0),(196,'Am',1),(196,'B7',2),(196,'D7',3),(196,'G',4),(197,'Em',0),(197,'B7',1),(197,'G',2),(197,'Am',3),(197,'D',4),(197,'C',5),(198,'Am',0),(198,'E7',1),(198,'A7',2),(198,'Dm',3),(198,'E',4),(199,'Am',0),(199,'G',1),(199,'E',2),(199,'Dm',3),(199,'F',4),(199,'C',5),(200,'Em',0),(200,'Am',1),(200,'B7',2),(200,'Am6',3),(201,'Em',0),(201,'D',1),(202,'Em',0),(202,'B7',1),(202,'Am',2),(203,'Dm',0),(203,'Gm',1),(203,'A',2),(203,'A#',3),(203,'C',4),(204,'G',0),(204,'Bm',1),(204,'C',2),(204,'D7',3),(204,'D',4),(205,'Am',0),(205,'F',1),(205,'E',2),(205,'G',3),(206,'E',0),(206,'C#m',1),(206,'G#',2),(206,'A',3),(206,'B7',4),(207,'D',0),(207,'E',1),(207,'A',2),(207,'A7',3),(208,'Dm',0),(208,'Gm',1),(208,'A7',2),(208,'A#',3),(208,'C',4),(209,'B',0),(209,'Am',1),(209,'Em',2),(210,'G',0),(210,'Em',1),(210,'C',2),(210,'A',3),(210,'D',4),(211,'D',0),(211,'F#m',1),(211,'G',2),(211,'Em6',3),(211,'A7',4),(211,'F#',5),(212,'Am',0),(212,'F',1),(212,'Dm',2),(212,'E',3),(213,'Em',0),(213,'C',1),(213,'B7',2),(213,'Am',3),(214,'Dm',0),(214,'C',1),(214,'Gm',2),(215,'Am',0),(215,'Dm',1),(215,'F',2),(215,'E',3),(215,'E7',4),(216,'Am',0),(216,'F',1),(216,'E',2),(216,'G',3),(217,'Dm5',0),(217,'Am',1),(217,'Am6',2),(217,'D7',3),(217,'G',4),(217,'Bm',5),(217,'C',6),(217,'F#',7),(217,'D',8),(217,'A',9),(218,'Em',0),(218,'G',1),(218,'B7',2),(218,'Am',3),(218,'C',4),(219,'Dm',0),(219,'D7',1),(219,'Gm',2),(219,'A',3),(219,'A#',4),(220,'Em',0),(220,'F#',1),(220,'G',2),(220,'Bm',3),(221,'Dm',0),(221,'C',1),(221,'A',2),(221,'G',3),(221,'F',4),(221,'A7',5),(221,'A#',6),(222,'Em',0),(222,'Am',1),(222,'B7',2),(223,'Am',0),(223,'Dm',1),(223,'E',2),(224,'C',0),(224,'E',1),(224,'Am',2),(224,'F',3),(225,'C',0),(225,'Em',1),(225,'Am',2),(225,'F',3),(226,'Am',0),(226,'Dm',1),(226,'E',2),(226,'G',3),(226,'F',4),(227,'Am',0),(227,'G',1),(227,'F',2),(227,'E',3),(228,'D',0),(228,'F#m',1),(228,'G',2),(228,'A',3),(228,'A7',4),(229,'Am',0),(229,'G',1),(229,'F',2),(229,'E',3),(230,'Am',0),(230,'E7',1),(230,'F',2),(230,'E',3),(230,'Dm',4),(231,'Am',0),(231,'G',1),(231,'F',2),(231,'E',3),(231,'E7',4),(231,'Dm',5),(232,'Am',0),(232,'Dm',1),(232,'E',2),(233,'Bm',0),(233,'A',1),(233,'F#',2),(233,'G',3),(233,'A7',4),(233,'D',5),(233,'Em',6),(234,'F#',0),(234,'G',1),(234,'Bm',2),(234,'A',3),(235,'Em',0),(235,'B7',1),(235,'C',2),(235,'Am',3),(235,'G',4),(236,'E',0),(236,'C#m',1),(236,'A',2),(236,'B',3),(236,'G#',4),(237,'E',0),(237,'F#m',1),(237,'B7',2),(237,'C#m',3),(237,'G#',4),(238,'Am',0),(238,'F',1),(238,'E',2),(238,'B7',3),(238,'Dm',4),(238,'G',5),(239,'Dm5',0),(239,'Gm',1),(239,'A',2),(239,'Dm',3),(239,'C',4),(239,'F',5),(239,'A#',6),(240,'Dm5',0),(240,'C7',1),(240,'A#7',2),(240,'A',3),(240,'Dm',4),(240,'Gm',5),(241,'Am',0),(241,'Dm',1),(241,'G',2),(242,'C',0),(242,'D',1),(242,'Cm',2),(242,'Gm',3),(242,'D7',4),(243,'G',0),(243,'Em',1),(243,'C',2),(243,'D',3),(243,'B7',4),(243,'Am',5),(244,'Am',0),(244,'G',1),(244,'F',2),(244,'E',3),(245,'Am',0),(245,'E',1),(246,'Em',0),(246,'B7',1),(246,'Am',2),(247,'C',0),(247,'F',1),(247,'E',2),(248,'Am',0),(248,'G',1),(249,'Em',0),(249,'Am',1),(250,'Bm',0),(250,'Em',1),(250,'G',2),(250,'F#',3),(251,'Am',0),(251,'E',1),(251,'E7',2),(251,'Dm',3),(253,'C',3),(253,'Dm',2),(253,'E',1),(253,'Am',0),(253,'F',4),(254,'Em',0),(254,'B7',1),(255,'Am',0),(255,'E',1),(255,'F',2),(255,'G',3),(256,'D',0),(256,'F#',1),(256,'Bm',2),(256,'G',3),(256,'A7',4),(257,'E',0),(257,'A',1),(257,'F#',2),(257,'B7',3),(257,'C#m',4),(257,'G#',5),(258,'Am',0),(258,'G',1),(258,'F',2),(258,'E',3),(258,'Dm',4),(259,'G',0),(259,'C',1),(259,'D',2),(259,'Em',3),(260,'C',0),(260,'E',1),(260,'Am',2),(261,'Em',0),(261,'D',1),(261,'Am',2),(262,'E',0),(262,'A',1),(263,'G',0),(263,'C',1),(263,'D',2),(263,'Em',3),(264,'G',0),(264,'C',1),(264,'D',2),(264,'Em',3),(265,'Em',0),(265,'Am',1),(265,'B7',2),(265,'C',3),(265,'D',4),(266,'G',0),(266,'Am',1),(266,'F',2),(266,'E',3),(266,'Dm',4),(267,'Am',0),(267,'G',1),(267,'F',2),(267,'E',3),(268,'Dm',0),(268,'F',1),(268,'C',2),(268,'Am',3),(268,'A#',4),(269,'D',0),(269,'A',1),(269,'G',2),(269,'F#m',3),(269,'Em',4),(269,'A7',5),(270,'Em',0),(270,'G',1),(270,'C',2),(270,'D7',3),(271,'Em',0),(271,'Am',1),(271,'B7',2),(271,'C',3),(272,'Em',0),(272,'Am',1),(272,'B7',2),(272,'C',3),(273,'G',0),(273,'Am',1),(273,'F',2),(273,'E',3),(273,'C',4),(273,'E7',5),(274,'Dm',0),(274,'F',1),(274,'Gm',2),(274,'A7',3),(275,'G',0),(275,'Em',1),(275,'Am',2),(275,'Bm',3),(275,'A',4),(276,'G',0),(276,'D7',1),(276,'Em',2),(276,'B7',3),(276,'C',4),(276,'D',5),(277,'G',0),(277,'Am',1),(277,'F',2),(277,'E',3),(277,'Dm',4),(278,'Am',0),(278,'G',1),(278,'C',2),(278,'F',3),(278,'E7',4),(278,'E',5),(279,'Em',0),(279,'Am',1),(279,'B7',2),(279,'C',3),(280,'Em',0),(280,'G',1),(280,'D',2),(281,'A',0),(281,'E',1),(281,'F',2),(281,'Em',3),(282,'Dm',0),(282,'F',1),(282,'Gm',2),(283,'Dm',0),(283,'Gm',1),(283,'A',2),(284,'Am',0),(284,'G',1),(284,'F',2),(284,'E',3),(285,'Am',0),(285,'G',1),(285,'F',2),(285,'E',3),(285,'Dm',4),(286,'Am',0),(286,'G',1),(286,'F',2),(286,'E',3),(287,'D',0),(287,'A',1),(287,'Bm',2),(287,'F#',3),(288,'D',0),(288,'Em',1),(288,'A7',2),(288,'F#',3),(288,'Bm',4),(288,'A',5),(288,'G',6),(289,'C',0),(289,'Am',1),(289,'Dm',2),(289,'G7',3),(289,'A7',4),(289,'G',5),(289,'E',6),(289,'F',7),(290,'Em',0),(290,'Am',1),(290,'B7',2),(290,'G',3),(290,'A',4),(291,'Em',0),(291,'Am',1),(291,'B7',2),(291,'D',3),(292,'D',0),(292,'F#',1),(292,'Bm',2),(292,'A',3),(292,'G',4),(293,'Dm',0),(293,'C',1),(293,'F',2),(293,'G',3),(293,'A',4),(293,'Gm',5),(293,'A7',6),(294,'Bm',0),(294,'C',1),(294,'D',2),(294,'F#m',3),(294,'G',4),(294,'F#',5),(295,'Dm',0),(295,'Gm',1),(295,'A',2),(295,'A7',3),(295,'F',4),(295,'Am',5),(296,'Am',0),(296,'Dm',1),(296,'E',2),(296,'A7',3),(296,'C',4),(296,'F',5),(297,'E',0),(297,'G#',1),(297,'C#m',2),(297,'F#m',3),(297,'B7',4),(297,'A',5),(298,'Am',0),(298,'F',1),(298,'E',2),(298,'G',3),(298,'C',4),(298,'D',5),(298,'E7',6),(299,'Em',0),(299,'D',1),(299,'C',2),(299,'Am',3),(299,'D7',4),(299,'B7',5),(299,'Bm',6),(299,'C7',7),(300,'Em',0),(300,'Am',1),(300,'B7',2),(300,'C',3),(301,'Am',0),(301,'G',1),(301,'F',2),(301,'E',3),(301,'Dm',4),(302,'Dm',0),(302,'A7',1),(302,'A#7',2),(303,'C',0),(303,'E',1),(303,'Am',2),(303,'Dm',3),(303,'G',4),(303,'F',5),(304,'Am',0),(304,'E',1),(304,'G',2),(304,'F',3),(305,'Dm',0),(305,'A#',1),(305,'A',2),(306,'Am',0),(306,'Dm',1),(306,'E',2),(306,'F',3),(306,'Dm9',4),(307,'D',0),(307,'Bm',1),(307,'G',2),(307,'E',3),(307,'A',4),(307,'F#',5),(308,'C',0),(308,'Am',1),(308,'F',2),(308,'G',3),(309,'Am',0),(309,'Dm',1),(309,'E7',2),(309,'F',3),(309,'E',4),(309,'A',5),(309,'F#m',6),(310,'Am',0),(310,'F',1),(310,'Dm',2),(310,'E7',3),(310,'Em',4),(310,'E',5),(310,'G',6),(310,'C',7),(311,'Dm',0),(311,'Gm',1),(311,'A',2),(311,'C',3),(311,'F',4),(311,'A#',5),(312,'C',0),(312,'F',1),(312,'G',2),(312,'Fm',3),(312,'Cm',4),(312,'A#',5),(312,'G#',6),(313,'Am',0),(313,'Dm',1),(313,'F',2),(313,'E',3),(313,'G',4),(314,'E',0),(314,'Am',1),(314,'Dm',2),(314,'F',3),(317,'B7',8),(317,'E',7),(317,'F#',6),(317,'B',5),(317,'A',4),(317,'Bm',3),(317,'A7',2),(317,'G',1),(317,'D',0),(317,'C#7',9),(318,'Em',0),(318,'D',1),(318,'C',2),(318,'G',3),(318,'A',4),(318,'Am',5),(319,'Am',0),(319,'Dm',1),(319,'F',2),(319,'C',3),(319,'G',4),(326,'F',1),(326,'A7',2),(326,'D7',3),(326,'G7',4),(327,'Dm',0),(327,'A7',1),(327,'Gm',2),(327,'A#7',3),(328,'Dm',0),(328,'A7',1),(328,'Gm',2),(328,'A#7',3),(329,'C',0),(329,'E',1),(329,'Am',2),(329,'F',3),(329,'Dm',4),(330,'Em',0),(330,'Am',1),(330,'B7',2),(330,'D',3),(331,'C',0),(331,'Am',1),(331,'Dm',2),(331,'G',3),(332,'Dm',0),(332,'A7',1),(332,'Gm',2),(332,'A#',3),(332,'F',4),(332,'Am',5),(332,'C',6),(333,'Em',0),(333,'D',1),(333,'C',2),(333,'B7',3),(334,'Am',0),(334,'Em',1),(334,'Dm9',2),(334,'F',3),(334,'E',4),(334,'Dm',5),(335,'Am',0),(335,'E',1),(336,'Dm',0),(336,'A7',1),(336,'Gm',2),(337,'Am',0),(337,'G',1),(338,'Em',0),(338,'Am',1),(338,'F',2),(338,'E',3),(339,'E',0),(339,'Am',1),(339,'Dm',2),(339,'G7',3),(339,'E7',4),(339,'F7M',5),(339,'F',6),(340,'Am',0),(340,'E7',1),(340,'F',2),(340,'E',3),(340,'C',4),(340,'G',5),(341,'Am',0),(341,'E',1),(342,'C',0),(342,'E',1),(342,'F',2),(342,'Dm',3),(342,'G',4),(342,'D7',5),(342,'C7',6),(342,'Gm',7),(342,'Cm',8),(343,'G',0),(343,'B7',1),(343,'Em',2),(343,'C',3),(343,'Am',4),(344,'Dm',0),(344,'A7',1),(344,'Gm',2),(344,'C',3),(344,'F',4),(344,'A#',5),(345,'Em',0),(345,'Am',1),(345,'B7',2),(345,'C',3),(346,'Dm',0),(346,'F',1),(346,'Am',2),(346,'Gm',3),(346,'A',4),(346,'A#',5),(347,'Am',0),(347,'G',1),(347,'F',2),(347,'E',3),(348,'Em',0),(348,'C',1),(348,'D7',2),(348,'G',3),(348,'B7',4),(349,'D7',0),(349,'Em',1),(349,'F',2),(349,'E',3),(349,'Am',4),(350,'E',0),(350,'F',1),(350,'G',2),(350,'C',3),(350,'Am',4),(351,'A7',0),(351,'D',1),(351,'F#m',2),(351,'G',3),(351,'F#',4),(351,'Bm',5),(351,'Em',6),(352,'Dm',0),(352,'Am',1),(352,'Gm',2),(352,'A',3),(353,'Am',0),(353,'Dm9',1),(353,'E7',2),(353,'F',3),(353,'Dm',4),(354,'Dm',0),(354,'Gm',1),(354,'Gm6',2),(354,'C6',3),(354,'F',4),(354,'A',5),(354,'Am',6),(354,'A#',7),(355,'D',0),(355,'F#m',1),(355,'Bm',2),(355,'Em',3),(355,'A',4),(355,'F#',5),(355,'A7',6),(355,'G',7),(356,'Am',0),(356,'G',1),(356,'F',2),(356,'E',3),(357,'C',0),(357,'G',1),(357,'F',2),(357,'Am',3),(357,'Dm',4),(357,'E',5),(357,'E7',6),(357,'G7',7),(358,'Am',0),(358,'Dm',1),(358,'E',2),(358,'F',3),(359,'Bm',0),(359,'Em',1),(359,'F#',2),(359,'G',3),(360,'Dm',0),(360,'A7',1),(360,'Gm',2),(360,'A#',3),(360,'D7',4),(360,'A#7',5),(361,'Em',0),(361,'Am',1),(361,'C',2),(361,'B7',3),(362,'Em',0),(362,'B7',1),(362,'Am6',2),(362,'Am',3),(362,'C',4),(363,'Em',0),(363,'B7',1),(363,'Am6',2),(363,'Am',3),(363,'C',4),(364,'C',0),(364,'Am',1),(364,'F',2),(364,'E',3),(364,'Dm',4),(364,'G',5),(365,'C#dim',0),(365,'A#7',1),(365,'A7',2),(365,'Dm',3),(365,'Gm',4),(366,'Am',0),(366,'F7',1),(366,'Dm',2),(366,'E',3),(366,'A7',4),(366,'A#7',5),(366,'Gm',6),(366,'C',7),(367,'G',0),(367,'Am',1),(367,'F',2),(367,'E',3),(367,'C',4),(367,'D',5);
/*!40000 ALTER TABLE `song_chord` ENABLE KEYS */;
UNLOCK TABLES;
/*!40103 SET TIME_ZONE=@OLD_TIME_ZONE */;

/*!40101 SET SQL_MODE=@OLD_SQL_MODE */;
/*!40014 SET FOREIGN_KEY_CHECKS=@OLD_FOREIGN_KEY_CHECKS */;
/*!40014 SET UNIQUE_CHECKS=@OLD_UNIQUE_CHECKS */;
/*!40101 SET CHARACTER_SET_CLIENT=@OLD_CHARACTER_SET_CLIENT */;
/*!40101 SET CHARACTER_SET_RESULTS=@OLD_CHARACTER_SET_RESULTS */;
/*!40101 SET COLLATION_CONNECTION=@OLD_COLLATION_CONNECTION */;
/*!40111 SET SQL_NOTES=@OLD_SQL_NOTES */;

-- Dump completed on 2015-02-01 17:33:31
